Workbook
Name asd: IBMR_Results_AWC!#REF!
Name asd_1: IBMR_Results_AWC!#REF!
Name asd_10: IBMR_Results_AWC!#REF!
Name asd_11: IBMR_Results_AWC!#REF!
Name asd_12: IBMR_Results_AWC!#REF!
Name asd_13: IBMR_Results_AWC!#REF!
Name asd_14: IBMR_Results_AWC!#REF!
Name asd_15: IBMR_Results_AWC!#REF!
Name asd_16: IBMR_Results_AWC!#REF!
Name asd_17: IBMR_Results_AWC!#REF!
Name asd_18: IBMR_Results_AWC!#REF!
Name asd_19: IBMR_Results_AWC!#REF!
Name asd_2: IBMR_Results_AWC!#REF!
Name asd_20: IBMR_Results_AWC!#REF!
Name asd_21: IBMR_Results_AWC!#REF!
Name asd_22: IBMR_Results_AWC!#REF!
Name asd_24: IBMR_Results_AWC!#REF!
Name asd_25: IBMR_Results_AWC!#REF!
Name asd_26: IBMR_Results_AWC!#REF!
Name asd_3: IBMR_Results_AWC!#REF!
Name asd_4: IBMR_Results_AWC!#REF!
Name asd_5: IBMR_Results_AWC!#REF!
Name asd_6: IBMR_Results_AWC!#REF!
Name asd_7: IBMR_Results_AWC!#REF!
Name asd_8: IBMR_Results_AWC!#REF!
Name asd_9: IBMR_Results_AWC!#REF!
Name asd1_1: IBMR_Results_AWC!#REF!
Name lam_base: IBMR_Results_AWC!#REF!
Name lam_noX2: IBMR_Results_AWC!#REF!
Name lam_summary: IBMR_Results_AWC!#REF!
Name lam_summary_base: IBMR_Results_AWC!#REF!
Name lam_summary_noX2: IBMR_Results_AWC!#REF!

Sheet IBMR_Baseline
A1: Baseline IBMR Data
A2: This worksheet displays the baseline data for IBMR 2021, as documented in Smith (2021): "A Delta Smelt Individual-Based Life Cycle Model in the R Statistical Environment, 16 August 2021" and Smith (2021): "Environmental Conditions driving habitat use: a model of the spatial distribution of delta smelt, 13 December 2021"
A9: Inputs for X2 and OMR Flows
E11: Variable: X2 | Q11: Variable: OMR Flows (cubic feet per second - cfs)
E12: Model Month | Q12: Model Month
C13: Model Year Jan. 1 to Dec. 31 | D13: Water Year Type (SVI) Oct 1 to Sept 30 | E13: J | F13: F | G13: M | H13: A | I13: M | J13: J | K13: J | L13: A | M13: S | N13: O | O13: N | P13: D | Q13: J | R13: F | S13: M | T13: A | U13: M | V13: J | W13: J | X13: A | Y13: S | Z13: O | AA13: N | AB13: D
C14: 1995 | D14: W | E14: 68.9 | F14: 53.9 | G14: 50.83 | H14: 47.68 | I14: 49.72 | J14: 55.08 | K14: 61.58 | L14: 71.17 | M14: 71.54 | N14: 71.87 | O14: 79.49 | P14: 73.19 | Q14: -7256.129 | R14: -4271.6071 | S14: 5115.9032 | T14: 6954.3333 | U14: 7361.2903 | V14: -241.05 | W14: -4934.16 | X14: -6759.066 | Y14: -4412.8777 | Z14: -3834.8065 | AA14: -3584.8524 | AB14: -2647.3869
C15: 1996 | D15: W | E15: 69.07 | F15: 55.64 | G15: 49.79 | H15: 56.52 | I15: 60.42 | J15: 65.34 | K15: 74.68 | L15: 77.26 | M15: 78.21 | N15: 84.77 | O15: 82.05 | P15: 67.47 | Q15: 22287.972 | R15: 142.13793 | S15: 4739.5414 | T15: -323.18141 | U15: -1007.8987 | V15: -7155.6667 | W15: -9025.6023 | X15: -8659.7916 | Y15: -8164.0044 | Z15: -8115.8787 | AA15: -7870 | AB15: -1411.0484
C16: 1997 | D16: W | E16: 46.52 | F16: 44.81 | G16: 55.64 | H16: 68.53 | I16: 72.31 | J16: 76.47 | K16: 77.62 | L16: 77.73 | M16: 83.35 | N16: 86.24 | O16: 83.22 | P16: 74.26 | Q16: -3268.8774 | R16: 20630.714 | S16: 966.08089 | T16: -3661.7333 | U16: -2312.6129 | V16: -5999.2793 | W16: -8660.3404 | X16: -7796.4773 | Y16: -8432.353 | Z16: -6010.0193 | AA16: -6843.976 | AB16: -8471.6129
C17: 1998 | D17: W | E17: 69.03 | F17: 48.78 | G17: 47.11 | H17: 49.36 | I17: 53.08 | J17: 53.23 | K17: 58.81 | L17: 66.1 | M17: 67.8 | N17: 71.6 | O17: 73.26 | P17: 62.35 | Q17: -1688.1993 | R17: 13019.714 | S17: 8189.3548 | T17: 9883.6667 | U17: 5840.9677 | V17: 3906.4 | W17: -897.42903 | X17: -5917.7419 | Y17: -5534.6667 | Z17: -5418.3871 | AA17: -2411.8167 | AB17: -119.53874
C18: 1999 | D18: W | E18: 64 | F18: 56.06 | G18: 52.42 | H18: 58.73 | I18: 63.94 | J18: 69.76 | K18: 74.81 | L18: 79.23 | M18: 84.49 | N18: 86.24 | O18: 83.73 | P18: 79.07 | Q18: -7390.6452 | R18: 1110.3239 | S18: -2129.5618 | T18: -1637.2855 | U18: -1062.4226 | V18: -3816.9958 | W18: -9288.7071 | X18: -9896.129 | Y18: -9534.6667 | Z18: -6773.2318 | AA18: -7055.2526 | AB18: -5164.0995
C19: 2000 | D19: W | E19: 78.42 | F19: 62.11 | G19: 51.64 | H19: 61.54 | I19: 64.77 | J19: 73.34 | K19: 77.62 | L19: 79.85 | M19: 84.07 | N19: 86.9 | O19: 85.04 | P19: 83.86 | Q19: -4560.345 | R19: -6536.6207 | S19: -2140.2516 | T19: -4253.6 | U19: -2210.1877 | V19: -6622 | W19: -9283.871 | X19: -9410.3226 | Y19: -9156 | Z19: -7663.871 | AA19: -8135 | AB19: -6681.5887
C20: 2001 | D20: D | E20: 79.65 | F20: 74.42 | G20: 67.77 | H20: 73.79 | I20: 75.59 | J20: 78.4 | K20: 82.57 | L20: 87.48 | M20: 88.2 | N20: 88.08 | O20: 84.63 | P20: 73.6 | Q20: -8369.4792 | R20: -6080.7143 | S20: -5378.2513 | T20: -2982.1962 | U20: -2069.4786 | V20: -3804.6615 | W20: -8538.5072 | X20: -8411.2903 | Y20: -7675.5654 | Z20: -4763.7562 | AA20: -6397.3496 | AB20: -8332.459
C21: 2002 | D21: D | E21: 64.19 | F21: 72.36 | G21: 71.66 | H21: 73.45 | I21: 73.82 | J21: 77.13 | K21: 81.22 | L21: 84.88 | M21: 87.84 | N21: 86.58 | O21: 84.43 | P21: 79.6 | Q21: -8365.6331 | R21: -7360.5697 | S21: -6676.109 | T21: -4220.5652 | U21: -2147.1639 | V21: -5299.4161 | W21: -10273.986 | X21: -10614.58 | Y21: -8240.1107 | Z21: -5957.8176 | AA21: -5946.1448 | AB21: -5958.323
C22: 2003 | D22: AN | E22: 62.53 | F22: 62.3 | G22: 68.51 | H22: 71 | I22: 62.66 | J22: 69.05 | K22: 76.58 | L22: 78.58 | M22: 85.6 | N22: 88.2 | O22: 84.31 | P22: 76.34 | Q22: -9286.0675 | R22: -9129.5495 | S22: -8635.5395 | T22: -4331.5497 | U22: -2742.3329 | V22: -9792.2985 | W22: -10494.353 | X22: -10501.528 | Y22: -10478.607 | Z22: -6952.3615 | AA22: -6653.3692 | AB22: -7048.5735
C23: 2004 | D23: BN | E23: 65.14 | F23: 65.59 | G23: 56.69 | H23: 64.65 | I23: 70.85 | J23: 81.14 | K23: 80.15 | L23: 82.12 | M23: 84.65 | N23: 84.04 | O23: 80.63 | P23: 81.04 | Q23: -7464.8611 | R23: -8172.7318 | S23: -8132.7572 | T23: -3838.9096 | U23: -1799.2588 | V23: -6384.6788 | W23: -9972.6826 | X23: -10739.011 | Y23: -8934.162 | Z23: -7071.9895 | AA23: -6741.6373 | AB23: -6392.4242
C24: 2005 | D24: BN | E24: 69.53 | F24: 67.51 | G24: 64.39 | H24: 62.25 | I24: 62.01 | J24: 60.96 | K24: 71.86 | L24: 79.83 | M24: 81.55 | N24: 83.55 | O24: 86.39 | P24: 78.78 | Q24: 220.44986 | R24: -4826.664 | S24: -1858.2068 | T24: -166.95101 | U24: 1959.2232 | V24: -4382.4816 | W24: -9121.2956 | X24: -9970.8339 | Y24: -9906.0522 | Z24: -10124.839 | AA24: -8316.3333 | AB24: -8057.4194
C25: 2006 | D25: W | E25: 54.66 | F25: 55.08 | G25: 52.71 | H25: 45.95 | I25: 48.35 | J25: 56.91 | K25: 69.25 | L25: 76.67 | M25: 78.87 | N25: 83.64 | O25: 86.09 | P25: 83.08 | Q25: -5045.9355 | R25: -4984.3024 | S25: 551.39258 | T25: 12837 | U25: 11486.129 | V25: 1119.471 | W25: -8064.2115 | X25: -9957.4194 | Y25: -9829.6667 | Z25: -7854.1935 | AA25: -7113.6667 | AB25: -8007.4194
... C33: 2014 | D33: C | E33: 85.39 | F33: 80.7 | G33: 76.66 | H33: 79.34 | I33: 84.15 | J33: 85.05 | K33: 85.63 | L33: 88.12 | M33: 89.49 | N33: 88.24 | O33: 84.4 | P33: 74.18 | Q33: -4155.2903 | R33: -2077.9857 | S33: -3646.9677 | T33: -3464.3667 | U33: -1818.3314 | V33: -1822.2 | W33: -2709.7486 | X33: -2956.5484 | Y33: -3912.6667 | Z33: -1235.1219 | AA33: -2358.7675 | AB33: -4891.871
A35: Inputs for Temperature, Prey (Zooplankton), Turbidity, Salinity, Delta Smelt Distribution
E36: Year | Q36: Year | AC36: Year | AO36: Year | BA36: Year | BM36: Year | BY36: Year | CK36: Year | CW36: Year | DI36: Year | DU36: Year | EG36: Year | ES36: Year | FE36: Year | FQ36: Year | GC36: Year | GO36: Year | HA36: Year | HM36: Year | HY36: Year | IK36: Year
E37: 1 | Q37: =E37+1 -> 2 | AC37: =Q37+1 -> 3 | AO37: =AC37+1 -> 4 | BA37: =AO37+1 -> 5 | BM37: =BA37+1 -> 6 | BY37: =BM37+1 -> 7 | CK37: =BY37+1 -> 8 | CW37: =CK37+1 -> 9 | DI37: =CW37+1 -> 10 | DU37: =DI37+1 -> 11 | EG37: =DU37+1 -> 12 | ES37: =EG37+1 -> 13 | FE37: =ES37+1 -> 14 | FQ37: =FE37+1 -> 15 | GC37: =FQ37+1 -> 16 | GO37: =GC37+1 -> 17 | HA37: =GO37+1 -> 18 | HM37: =HA37+1 -> 19 | HY37: =HM37+1 -> 20 | IK37: =HY37+1 -> 21
E38: Wet Year (SVI: 12.4, Wet; SJVI: 5.5, Wet) | N38: Wet Year (SVI: 9.7, Wet; SJVI: 3.9, Wet) | Z38: Wet Year (SVI: 11.0, Wet; SJVI: 4.2, Wet) | AL38: Wet Year (SVI: 12.4, Wet, SJVI: 4.9 Wet) | AX38: Wet Year (SVI: 10.0, Wet; SJVI:3.4, AN) | BJ38: Wet/AN Year (SVI: 9.2, Wet; SJVI: 3.4, Above Normal) | BV38: Dry Year (SVI: 5.9, Dry, SJVI: 2.3, Dry) | CH38: Dry Year (SVI: 6.5, Dry; SJVI: 2.3, Dry) | CT38: Above Normal/Below Normal (SVI: 8.0, AN; SJVI: 2.7, BN) | DF38: Below Normal/Dry Year (SVI: 7.7, BN; SJVI: 2.2, Dry) | DR38: Below Normal / Wet Year (SVI: 7.4, BN: SJVI, 4.2, Wet) | ED38: Wet Year (SVI: 13.0, Wet; SJVI: 5.5, Wet) | EP38: Dry / Critical Year (SVI: 6.2, Dry; SJVI: 1.9, Critical) | FB38: Critical Year (SVI: 5.4, Critical; SJVI: 2.1, Critical) | FN38: Dry Year (SVI: 5.5, Dry; SJVI: 2.4, Dry) | FZ38: Below Normal / Above Normal Year (SVI: 6.9, BN; SJVI: 3.5, AN) | GL38: Wet Year (SVI: 10.0, Wet; SJVI: 5.1, Wet) | GX38: Below Normal / Dry Year (SVI: 6.9, BN; SJVI: 2.2, Dry) | HJ38: Dry / Critical Year (SVI: 5.8, Dry; SJVI: 1.6, Critical) | HV38: Critical Year (SVI: 4.0, Critical; SJVI: 1.1, Critical) | IH38: Critical Year (SVI: 4.0, Critical; SJVI: 0.7, Critical)
E39: 1995 | F39: 1995 | G39: 1995 | H39: 1995 | I39: 1995 | J39: 1995 | K39: 1995 | L39: 1995 | M39: 1995 | N39: 1995 | O39: 1995 | P39: 1995 | Q39: =E39+1 -> 1996 | R39: =F39+1 -> 1996 | S39: =G39+1 -> 1996 | T39: =H39+1 -> 1996 | U39: =I39+1 -> 1996 | V39: =J39+1 -> 1996 | W39: =K39+1 -> 1996 | X39: =L39+1 -> 1996 | ... IK39: =HY39+1 -> 2015
A40: Strata # | B40: Strata Name | C40: Variable | D40: Metric | E40: J | F40: F | G40: M | H40: A | I40: M | J40: J | K40: J | L40: A | M40: S | N40: O | O40: N | P40: D | Q40: J | R40: F | S40: M | T40: A | U40: M | V40: J | W40: J | X40: A | Y40: S | Z40: O | AA40: N | AB40: D | AC40: J | AD40: F | AE40: M | AF40: A | AG40: M | AH40: J | AI40: J | AJ40: A | AK40: S | AL40: O | AM40: N | AN40: D | AO40: J | AP40: F | AQ40: M | AR40: A | AS40: M | AT40: J | AU40: J | AV40: A | AW40: S | AX40: O | AY40: N | AZ40: D | BA40: J | BB40: F | BC40: M | BD40: A | BE40: M | BF40: J | BG40: J | BH40: A | BI40: S | BJ40: O | BK40: N | BL40: D | BM40: J | BN40: F | BO40: M | BP40: A | BQ40: M | BR40: J | BS40: J | BT40: A | BU40: S | BV40: O | BW40: N | BX40: D | BY40: J | BZ40: F | CA40: M | CB40: A | CC40: M | CD40: J | CE40: J | CF40: A | CG40: S | CH40: O | CI40: N | CJ40: D | CK40: J | CL40: F | CM40: M | CN40: A | CO40: M | CP40: J | CQ40: J | CR40: A | CS40: S | CT40: O | CU40: N | CV40: D | CW40: J | CX40: F | CY40: M | CZ40: A | DA40: M | DB40: J | DC40: J | DD40: A | DE40: S | DF40: O | DG40: N | DH40: D | DI40: J | DJ40: F | DK40: M | DL40: A | DM40: M | DN40: J | DO40: J | DP40: A | DQ40: S | DR40: O | DS40: N | DT40: D | DU40: J | DV40: F | DW40: M | DX40: A | DY40: M | DZ40: J | EA40: J | EB40: A | EC40: S | ED40: O | EE40: N | EF40: D | EG40: J | EH40: F | EI40: M | EJ40: A | EK40: M | EL40: J | EM40: J | EN40: A | EO40: S | EP40: O | EQ40: N | ER40: D | ES40: J | ET40: F | EU40: M | EV40: A | EW40: M | EX40: J | EY40: J | EZ40: A | FA40: S | FB40: O | FC40: N | FD40: D | FE40: J | FF40: F | FG40: M | FH40: A | FI40: M | FJ40: J | FK40: J | FL40: A | FM40: S | FN40: O | FO40: N | FP40: D | FQ40: J | FR40: F | FS40: M | FT40: A | FU40: M | FV40: J | FW40: J | FX40: A | FY40: S | FZ40: O | GA40: N | GB40: D | GC40: J | GD40: F | GE40: M | GF40: A | GG40: M | GH40: J | GI40: J | GJ40: A | GK40: S | GL40: O | GM40: N | GN40: D | GO40: J | GP40: F | GQ40: M | GR40: A | GS40: M | GT40: J | GU40: J | GV40: A | GW40: S | GX40: O | GY40: N | GZ40: D | HA40: J | HB40: F | HC40: M | HD40: A | HE40: M | HF40: J | HG40: J | HH40: A | HI40: S | HJ40: O | HK40: N | HL40: D | HM40: J | HN40: F | HO40: M | HP40: A | HQ40: M | HR40: J | HS40: J | HT40: A | HU40: S | HV40: O | HW40: N | HX40: D | HY40: J | HZ40: F | IA40: M | IB40: A | IC40: M | ID40: J | IE40: J | IF40: A | IG40: S | IH40: O | II40: N | IJ40: D | IK40: J | IL40: F | IM40: M | IN40: A | IO40: M | IP40: J | IQ40: J | IR40: A | IS40: S | IT40: O | IU40: N | IV40: D
A41: 1 | B41: Yolo Bypass | C41: Temperature | D41: Degrees Celsius | E41: 12.09101 | F41: 12.558596 | G41: 14.55789 | H41: 13.849633 | I41: 16.054348 | J41: 18.66697 | K41: 21.596294 | L41: 21.774948 | M41: 20.22109 | N41: 16.695506 | O41: 14.41734 | P41: 11.982239 | Q41: 10.987506 | R41: 13.387204 | S41: 13.64351 | T41: 15.293897 | U41: 17.58549 | V41: 20.992745 | W41: 23.223487 | X41: 24.079971 | Y41: 21.437497 | Z41: 18.655506 | AA41: 13.760807 | AB41: 11.707535 | AC41: 12.241281 | AD41: 12.275207 | AE41: 14.484155 | AF41: 15.987457 | AG41: 20.083365 | AH41: 21.449443 | AI41: 22.633126 | AJ41: 23.149155 | AK41: 21.277213 | AL41: 16.852487 | AM41: 14.89429 | AN41: 10.020245 | AO41: 10.451623 | AP41: 13.217329 | AQ41: 14.536842 | AR41: 15.17536 | AS41: 17.445542 | AT41: 19.54156 | AU41: 23.543965 | AV41: 23.528887 | AW41: 22.230303 | AX41: 16.072929 | AY41: 12.997047 | AZ41: 8.8349065 | BA41: 7.9689871 | BB41: 10.95955 | BC41: 12.941335 | BD41: 14.009037 | BE41: 16.691294 | BF41: 19.991533 | BG41: 22.243458 | BH41: 21.812523 | BI41: 21.66772 | BJ41: 18.760974 | BK41: 14.987387 | BL41: 9.8737935 | BM41: 9.7649806 | BN41: 12.817825 | BO41: 13.974803 | BP41: 16.69623 | BQ41: 19.646261 | BR41: 21.682707 | BS41: 22.090771 | BT41: 22.800255 | BU41: 21.233007 | BV41: 17.688353 | BW41: 12.23062 | BX41: 9.7632419 | BY41: 8.4788935 | BZ41: 10.054168 | CA41: 14.574574 | CB41: 15.261623 | CC41: 20.204842 | CD41: 21.308017 | CE41: 22.378171 | CF41: 22.2263 | CG41: 20.98141 | CH41: 18.327916 | CI41: 15.604027 | CJ41: 10.701303 | CK41: 10.143248 | CL41: 10.33845 | CM41: 13.591432 | CN41: 16.429863 | CO41: 17.517394 | CP41: 21.408993 | CQ41: 23.620616 | CR41: 23.000381 | CS41: 22.340023 | CT41: 17.565823 | CU41: 13.769237 | CV41: 11.834687 | CW41: 11.028745 | CX41: 11.658018 | CY41: 14.749 | CZ41: 15.350693 | DA41: 17.535648 | DB41: 21.643277 | DC41: 24.059648 | DD41: 23.133274 | DE41: 21.74938 | DF41: 18.472152 | DG41: 13.524633 | DH41: 10.974026 | DI41: 9.7992194 | DJ41: 11.834125 | DK41: 15.731332 | DL41: 16.376937 | DM41: 18.574106 | DN41: 20.897666 | DO41: 22.893594 | DP41: 22.656481 | DQ41: 20.580173 | DR41: 17.402359 | DS41: 13.123363 | DT41: 10.328484 | DU41: 10.234048 | DV41: 12.763232 | DW41: 16.069155 | DX41: 15.73932 | DY41: 18.878535 | DZ41: 19.96345 | EA41: 23.710713 | EB41: 23.497652 | EC41: 20.387823 | ED41: 17.424426 | EE41: 14.49776 | EF41: 11.738232 | EG41: 11.275623 | EH41: 11.861904 | EI41: 13.153442 | EJ41: 14.813743 | EK41: 19.177703 | EL41: 21.470763 | EM41: 24.381716 | EN41: 22.558794 | EO41: 20.481677 | EP41: 16.759758 | EQ41: 14.117167 | ER41: 9.9020194 | ES41: 7.3197387 | ET41: 11.206 | EU41: 15.343119 | EV41: 16.162283 | EW41: 18.553452 | EX41: 20.859067 | EY41: 22.621435 | EZ41: 22.329916 | FA41: 21.04244 | FB41: 16.526787 | FC41: 15.227737 | FD41: 9.7524484 | FE41: 9.1515839 | FF41: 10.495964 | FG41: 14.527226 | FH41: 15.242037 | FI41: 18.218829 | FJ41: 20.222683 | FK41: 23.587335 | FL41: 22.838974 | FM41: 21.250493 | FN41: 16.898316 | FO41: 15.264767 | FP41: 10.403132 | FQ41: 8.5534161 | FR41: 11.162946 | FS41: 14.058223 | FT41: 15.30784 | FU41: 18.750371 | FV41: 20.455013 | FW41: 22.691442 | FX41: 22.520152 | FY41: 21.84852 | FZ41: 16.403729 | GA41: 12.723867 | GB41: 8.9631194 | GC41: 10.030674 | GD41: 12.149432 | GE41: 14.085877 | GF41: 15.017807 | GG41: 16.208745 | GH41: 19.998437 | GI41: 22.84661 | GJ41: 22.000861 | GK41: 20.099663 | GL41: 18.314374 | GM41: 13.709597 | GN41: 11.176368 | GO41: 8.317574 | GP41: 10.466593 | GQ41: 12.904494 | GR41: 14.34322 | GS41: 15.449687 | GT41: 18.867313 | GU41: 22.168597 | GV41: 22.493123 | GW41: 21.64608 | GX41: 20.9985 | GY41: 12.701884 | GZ41: 9.3895795 | HA41: 8.4523771 | HB41: 10.938745 | HC41: 12.537948 | HD41: 16.125893 | HE41: 18.988064 | HF41: 21.209027 | HG41: 24.025966 | HH41: 24.375686 | HI41: 22.415229 | HJ41: 19.107438 | HK41: 14.40939 | HL41: 13.37606 | HM41: 8.540863 | HN41: 10.409268 | HO41: 14.006264 | HP41: 17.038982 | HQ41: 19.619113 | HR41: 21.748784 | HS41: 23.711172 | HT41: 23.739962 | HU41: 23.133055 | HV41: 17.9913 | HW41: 14.528626 | HX41: 8.8503672 | HY41: 10.420502 | HZ41: 11.732586 | IA41: 14.358999 | IB41: 17.072625 | IC41: 19.894882 | ID41: 22.147747 | IE41: 24.451879 | IF41: 23.70316 | IG41: 23.440214 | IH41: 20.638576 | II41: 14.901581 | IJ41: 12.49597
A42: 2 | B42: Upper Sacramento | C42: Temperature | D42: Degrees Celsius | E42: 10.390894 | F42: 10.938179 | G42: 11.734219 | H42: 13.169193 | I42: 14.677742 | J42: 17.194673 | K42: 20.100648 | L42: 21.282606 | M42: 19.605127 | N42: 16.618513 | O42: 14.518143 | P42: 11.671929 | Q42: 10.44631 | R42: 11.690454 | S42: 12.490471 | T42: 14.28399 | U42: 16.559719 | V42: 19.920231 | W42: 22.064565 | X42: 22.292219 | Y42: 20.36044 | Z42: 17.429891 | AA42: 13.1209 | AB42: 11.225265 | AC42: 10.079652 | AD42: 10.760096 | AE42: 13.552752 | AF42: 15.867377 | AG42: 20.203658 | AH42: 21.480917 | AI42: 21.777887 | AJ42: 21.974742 | AK42: 21.26696 | AL42: 16.913326 | AM42: 14.245607 | AN42: 9.6448032 | AO42: 10.071952 | AP42: 10.692264 | AQ42: 12.596955 | AR42: 13.633127 | AS42: 15.318129 | AT42: 17.646917 | AU42: 21.5906 | AV42: 21.626935 | AW42: 20.117097 | AX42: 15.893755 | AY42: 12.857377 | AZ42: 9.1217065 | BA42: 8.9328194 | BB42: 9.7954036 | BC42: 11.522377 | BD42: 13.63452 | BE42: 16.992365 | BF42: 20.127007 | BG42: 21.141852 | BH42: 21.4411 | BI42: 20.799083 | BJ42: 17.611087 | BK42: 14.06593 | BL42: 9.7477194 | BM42: 9.9820323 | BN42: 11.495511 | BO42: 12.506055 | BP42: 16.004357 | BQ42: 18.505945 | BR42: 21.876648 | BS42: 21.565197 | BT42: 22.292697 | BU42: 20.64276 | BV42: 17.322659 | BW42: 12.006007 | BX42: 10.154355 | BY42: 8.8514032 | BZ42: 9.7863607 | CA42: 14.057806 | CB42: 15.700183 | CC42: 20.907042 | CD42: 21.614183 | CE42: 22.140039 | CF42: 22.394023 | CG42: 21.21845 | CH42: 18.659471 | CI42: 15.221773 | CJ42: 9.9555032 | CK42: 10.064532 | CL42: 10.563936 | CM42: 12.629303 | CN42: 16.093153 | CO42: 18.349739 | CP42: 21.577443 | CQ42: 22.352794 | CR42: 21.913468 | CS42: 21.656813 | CT42: 17.305106 | CU42: 13.630457 | CV42: 11.144806 | CW42: 10.96091 | CX42: 11.032961 | CY42: 13.912835 | CZ42: 14.82687 | DA42: 16.470684 | DB42: 20.48092 | DC42: 22.244916 | DD42: 21.699542 | DE42: 21.0526 | DF42: 18.333897 | DG42: 13.109073 | DH42: 10.697542 | DI42: 9.6350452 | DJ42: 10.805507 | DK42: 14.041826 | DL42: 15.377453 | DM42: 19.215719 | DN42: 21.255883 | DO42: 22.137752 | DP42: 21.976739 | DQ42: 20.59394 | DR42: 17.357244 | DS42: 13.046107 | DT42: 10.170894 | DU42: 9.6150226 | DV42: 11.9614 | DW42: 14.42951 | DX42: 15.195313 | DY42: 17.295732 | DZ42: 18.95848 | EA42: 22.883913 | EB42: 22.873116 | EC42: 20.028873 | ED42: 17.143684 | EE42: 13.909527 | EF42: 10.755055 | EG42: 10.656555 | EH42: 10.795725 | EI42: 11.071448 | EJ42: 12.768687 | EK42: 16.854797 | EL42: 20.00155 | EM42: 23.02111 | EN42: 21.726713 | EO42: 19.955637 | EP42: 16.731277 | EQ42: 13.774877 | ER42: 9.5033613 | ES42: 7.7734613 | ET42: 11.187004 | EU42: 13.938913 | EV42: 16.094903 | EW42: 19.562984 | EX42: 21.63832 | EY42: 22.187084 | EZ42: 22.145835 | FA42: 20.520303 | FB42: 16.660677 | FC42: 14.77568 | FD42: 9.4351516 | FE42: 8.8146516 | FF42: 9.8855607 | FG42: 13.901987 | FH42: 15.713433 | FI42: 19.171903 | FJ42: 20.877979 | FK42: 23.123755 | FL42: 23.137448 | FM42: 21.50614 | FN42: 17.502919 | FO42: 14.860053 | FP42: 9.6874032 | FQ42: 9.1522935 | FR42: 10.821529 | FS42: 13.494577 | FT42: 15.564043 | FU42: 18.365081 | FV42: 20.797643 | FW42: 21.961348 | FX42: 21.936742 | FY42: 21.746367 | FZ42: 16.783345 | GA42: 13.087617 | GB42: 9.1082323 | GC42: 9.9033871 | GD42: 11.814636 | GE42: 13.410016 | GF42: 14.651377 | GG42: 16.194703 | GH42: 19.22924 | GI42: 21.979597 | GJ42: 21.294626 | GK42: 20.02943 | GL42: 17.886877 | GM42: 13.29385 | GN42: 10.936332 | GO42: 8.6641547 | GP42: 10.135811 | GQ42: 11.201303 | GR42: 13.61641 | GS42: 15.028123 | GT42: 17.314953 | GU42: 20.776435 | GV42: 21.735052 | GW42: 20.709867 | GX42: 19.3517 | GY42: 12.184804 | GZ42: 9.2673249 | HA42: 8.8631521 | HB42: 10.957915 | HC42: 12.012048 | HD42: 15.110911 | HE42: 17.833934 | HF42: 20.397714 | HG42: 22.206958 | HH42: 21.732185 | HI42: 20.715246 | HJ42: 17.473913 | HK42: 14.100772 | HL42: 11.380468 | HM42: 8.3259296 | HN42: 10.420877 | HO42: 13.268796 | HP42: 17.106477 | HQ42: 19.508575 | HR42: 21.027442 | HS42: 23.179152 | HT42: 22.28996 | HU42: 21.638745 | HV42: 16.753388 | HW42: 13.327227 | HX42: 8.9371236 | HY42: 9.6692662 | HZ42: 11.826306 | IA42: 14.303497 | IB42: 17.025581 | IC42: 20.091224 | ID42: 22.049257 | IE42: 24.054531 | IF42: 23.26309 | IG42: 23.285764 | IH42: 19.587611 | II42: 14.739487 | IJ42: 12.559806
A43: 3 | B43: South Delta | C43: Temperature | D43: Degrees Celsius | E43: 11.396471 | F43: 12.177568 | G43: 13.888642 | H43: 14.731347 | I43: 17.520319 | J43: 19.030623 | K43: 21.862997 | L43: 21.912965 | M43: 20.29698 | N43: 16.490577 | O43: 14.48786 | P43: 11.420445 | Q43: 10.651187 | R43: 12.797589 | S43: 14.003465 | T43: 15.53019 | U43: 17.602981 | V43: 21.076676 | W43: 23.420516 | X43: 24.136794 | Y43: 21.46176 | Z43: 18.453788 | AA43: 13.525097 | AB43: 11.391248 | AC43: 10.876961 | AD43: 11.721611 | AE43: 14.252006 | AF43: 16.143093 | AG43: 20.015665 | AH43: 21.556543 | AI43: 23.024174 | AJ43: 23.372403 | AK43: 21.472867 | AL43: 16.926713 | AM43: 14.886567 | AN43: 9.8628968 | AO43: 10.622581 | AP43: 11.744346 | AQ43: 14.271965 | AR43: 15.242547 | AS43: 17.52691 | AT43: 20.075763 | AU43: 23.393371 | AV43: 23.37569 | AW43: 21.84858 | AX43: 15.894045 | AY43: 13.17403 | AZ43: 8.9073355 | BA43: 8.3570645 | BB43: 10.82125 | BC43: 12.923694 | BD43: 14.213907 | BE43: 16.802629 | BF43: 20.229797 | BG43: 22.530987 | BH43: 22.02381 | BI43: 21.74636 | BJ43: 18.793832 | BK43: 14.85785 | BL43: 9.8391774 | BM43: 10.286587 | BN43: 13.076446 | BO43: 14.145119 | BP43: 16.898457 | BQ43: 19.689713 | BR43: 22.151986 | BS43: 22.5663 | BT43: 23.0875 | BU43: 21.32012 | BV43: 17.776522 | BW43: 12.335853 | BX43: 10.015623 | BY43: 9.087571 | BZ43: 10.185282 | CA43: 15.133123 | CB43: 15.779923 | CC43: 20.424194 | CD43: 21.691633 | CE43: 22.7572 | CF43: 22.554161 | CG43: 21.235063 | CH43: 18.443271 | CI43: 15.5208 | CJ43: 10.372652 | CK43: 10.086552 | CL43: 10.759632 | CM43: 14.090039 | CN43: 16.642227 | CO43: 17.765797 | CP43: 21.54091 | CQ43: 23.763981 | CR43: 22.992971 | CS43: 22.438433 | CT43: 17.62411 | CU43: 13.855607 | CV43: 11.294639 | CW43: 10.764387 | CX43: 11.902346 | CY43: 15.033897 | CZ43: 15.571397 | DA43: 18.142448 | DB43: 21.7419 | DC43: 24.155365 | DD43: 23.146874 | DE43: 21.858473 | DF43: 18.584326 | DG43: 13.503647 | DH43: 11.020213 | DI43: 9.8772065 | DJ43: 11.795521 | DK43: 15.964029 | DL43: 16.67047 | DM43: 18.732368 | DN43: 19.4896 | DO43: 22.610894 | DP43: 22.33899 | DQ43: 20.350377 | DR43: 17.1956 | DS43: 12.8798 | DT43: 10.015594 | DU43: 10.240087 | DV43: 12.927925 | DW43: 15.746558 | DX43: 15.20699 | DY43: 18.247452 | DZ43: 19.69943 | EA43: 23.484574 | EB43: 23.512855 | EC43: 20.54856 | ED43: 17.581832 | EE43: 14.477403 | EF43: 11.181632 | EG43: 10.909681 | EH43: 11.812657 | EI43: 12.776229 | EJ43: 14.932553 | EK43: 18.833713 | EL43: 21.24792 | EM43: 24.12549 | EN43: 22.469932 | EO43: 20.51474 | EP43: 16.708768 | EQ43: 14.216987 | ER43: 9.9641194 | ES43: 7.6936419 | ET43: 11.812421 | EU43: 15.758323 | EV43: 16.44111 | EW43: 18.687939 | EX43: 20.933137 | EY43: 22.710581 | EZ43: 22.453032 | FA43: 21.173927 | FB43: 16.722974 | FC43: 15.283363 | FD43: 9.7655935 | FE43: 9.2804581 | FF43: 10.708521 | FG43: 14.950365 | FH43: 15.493807 | FI43: 18.435739 | FJ43: 20.447717 | FK43: 23.657361 | FL43: 22.915171 | FM43: 21.396503 | FN43: 17.0474 | FO43: 15.335603 | FP43: 10.371752 | FQ43: 8.9648032 | FR43: 11.224404 | FS43: 14.405906 | FT43: 15.586823 | FU43: 19.108858 | FV43: 20.637907 | FW43: 22.764394 | FX43: 22.564603 | FY43: 21.9493 | FZ43: 16.463745 | GA43: 12.9409 | GB43: 9.2171774 | GC43: 9.9040806 | GD43: 12.270457 | GE43: 14.469635 | GF43: 15.377533 | GG43: 16.355787 | GH43: 20.138657 | GI43: 22.884635 | GJ43: 22.118161 | GK43: 20.441337 | GL43: 18.469423 | GM43: 13.791547 | GN43: 11.21089 | GO43: 8.4890907 | GP43: 10.573336 | GQ43: 12.557029 | GR43: 15.29876 | GS43: 16.109577 | GT43: 18.892527 | GU43: 21.828926 | GV43: 21.716177 | GW43: 21.168347 | GX43: 20.5724 | GY43: 12.299607 | GZ43: 8.6171839 | HA43: 8.781685 | HB43: 11.370854 | HC43: 12.814741 | HD43: 16.393848 | HE43: 19.05661 | HF43: 21.212257 | HG43: 24.166009 | HH43: 24.110167 | HI43: 22.50708 | HJ43: 18.310167 | HK43: 15.426265 | HL43: 11.34569 | HM43: 7.9492539 | HN43: 10.411128 | HO43: 14.062698 | HP43: 17.284939 | HQ43: 19.089161 | HR43: 21.377116 | HS43: 24.843865 | HT43: 24.135394 | HU43: 22.597377 | HV43: 17.160018 | HW43: 13.738724 | HX43: 8.4816947 | HY43: 9.4517063 | HZ43: 11.724244 | IA43: 15.008256 | IB43: 16.612537 | IC43: 18.866543 | ID43: 22.973745 | IE43: 25.275358 | IF43: 24.79991 | IG43: 23.436901 | IH43: 19.533646 | II43: 14.906299 | IJ43: 12.584202
A44: 4 | B44: East Delta | C44: Temperature | D44: Degrees Celsius | E44: 11.140639 | F44: 11.275625 | G44: 12.446426 | H44: 13.32542 | I44: 15.08031 | J44: 17.5872 | K44: 20.512958 | L44: 21.385352 | M44: 19.734003 | N44: 16.610987 | O44: 14.55553 | P44: 11.775671 | Q44: 11.287174 | R44: 12.18595 | S44: 12.757342 | T44: 14.613247 | U44: 16.913032 | V44: 20.324234 | W44: 22.31489 | X44: 22.577003 | Y44: 20.5243 | Z44: 17.679981 | AA44: 13.16578 | AB44: 11.409319 | AC44: 10.496839 | AD44: 10.916643 | AE44: 13.858374 | AF44: 16.03044 | AG44: 20.289052 | AH44: 21.514457 | AI44: 22.094384 | AJ44: 22.249952 | AK44: 21.29368 | AL44: 16.928458 | AM44: 14.364823 | AN44: 9.6963645 | AO44: 10.757706 | AP44: 11.616454 | AQ44: 13.219868 | AR44: 14.024343 | AS44: 15.826148 | AT44: 18.318993 | AU44: 22.016335 | AV44: 21.919839 | AW44: 20.91253 | AX44: 15.969377 | AY44: 13.066403 | AZ44: 8.8720774 | BA44: 8.9591774 | BB44: 10.162082 | BC44: 11.811232 | BD44: 13.825413 | BE44: 17.062074 | BF44: 20.21288 | BG44: 21.398216 | BH44: 21.592984 | BI44: 20.974017 | BJ44: 17.837468 | BK44: 14.18395 | BL44: 9.7596903 | BM44: 10.02501 | BN44: 12.176143 | BO44: 12.893481 | BP44: 16.369907 | BQ44: 19.088671 | BR44: 22.011531 | BS44: 21.770835 | BT44: 22.469026 | BU44: 20.819397 | BV44: 17.387322 | BW44: 12.113027 | BX44: 10.174981 | BY44: 9.2218387 | BZ44: 10.003443 | CA44: 14.409274 | CB44: 15.627067 | CC44: 20.826535 | CD44: 21.6445 | CE44: 22.303358 | CF44: 22.420065 | CG44: 21.233877 | CH44: 18.589571 | CI44: 15.397997 | CJ44: 9.5839065 | CK44: 9.8850065 | CL44: 10.649575 | CM44: 13.109771 | CN44: 16.289943 | CO44: 18.157771 | CP44: 21.620443 | CQ44: 22.730574 | CR44: 22.115687 | CS44: 21.890857 | CT44: 17.320239 | CU44: 13.685627 | CV44: 10.802794 | CW44: 10.752555 | CX44: 11.4711 | CY44: 14.429565 | CZ44: 15.107617 | DA44: 17.001523 | DB44: 20.775573 | DC44: 22.636048 | DD44: 21.912735 | DE44: 21.203897 | DF44: 18.370352 | DG44: 13.171153 | DH44: 10.696887 | DI44: 9.8663258 | DJ44: 11.307121 | DK44: 14.740529 | DL44: 15.84616 | DM44: 18.959384 | DN44: 21.261724 | DO44: 22.38421 | DP44: 22.14911 | DQ44: 20.604467 | DR44: 17.394516 | DS44: 13.077407 | DT44: 10.26161 | DU44: 10.075442 | DV44: 12.522232 | DW44: 14.812852 | DX44: 15.28176 | DY44: 17.758845 | DZ44: 19.278407 | EA44: 23.056052 | EB44: 22.968277 | EC44: 20.124003 | ED44: 17.191513 | EE44: 14.012663 | EF44: 10.9153 | EG44: 10.577103 | EH44: 10.885493 | EI44: 11.517935 | EJ44: 13.22756 | EK44: 17.374745 | EL44: 20.493683 | EM44: 23.262758 | EN44: 21.856913 | EO44: 20.06386 | EP44: 16.744632 | EQ44: 13.843223 | ER44: 9.5557194 | ES44: 7.7844065 | ET44: 11.525354 | EU44: 14.548868 | EV44: 16.18447 | EW44: 19.221142 | EX44: 21.39374 | EY44: 22.344577 | EZ44: 22.249013 | FA44: 20.65425 | FB44: 16.656006 | FC44: 14.900533 | FD44: 9.5106645 | FE44: 8.8173645 | FF44: 10.09945 | FG44: 14.406019 | FH44: 15.691407 | FI44: 18.897581 | FJ44: 20.714024 | FK44: 23.261945 | FL44: 23.053426 | FM44: 21.48085 | FN44: 17.381534 | FO44: 15.020317 | FP44: 9.8864258 | FQ44: 9.197871 | FR44: 10.889307 | FS44: 13.724942 | FT44: 15.595747 | FU44: 18.634161 | FV44: 20.767143 | FW44: 22.194871 | FX44: 22.088019 | FY44: 21.78237 | FZ44: 16.689897 | GA44: 13.149013 | GB44: 9.124571 | GC44: 10.090968 | GD44: 12.321396 | GE44: 13.753335 | GF44: 14.898113 | GG44: 16.320923 | GH44: 19.546053 | GI44: 22.184413 | GJ44: 21.431842 | GK44: 20.08814 | GL44: 17.922174 | GM44: 13.34493 | GN44: 11.016681 | GO44: 8.1288497 | GP44: 10.347839 | GQ44: 11.459339 | GR44: 13.78467 | GS44: 15.209023 | GT44: 17.967093 | GU44: 21.064771 | GV44: 21.881084 | GW44: 20.883563 | GX44: 19.5885 | GY44: 13.125551 | GZ44: 8.5722021 | HA44: 8.0749285 | HB44: 11.076544 | HC44: 12.278217 | HD44: 15.290287 | HE44: 17.720487 | HF44: 20.536373 | HG44: 22.708426 | HH44: 22.259082 | HI44: 21.300483 | HJ44: 17.27449 | HK44: 15.911481 | HL44: 12.960792 | HM44: 7.6435586 | HN44: 9.9981192 | HO44: 12.907298 | HP44: 18.304633 | HQ44: 19.592752 | HR44: 20.671177 | HS44: 24.086413 | HT44: 22.933098 | HU44: 22.079345 | HV44: 16.031306 | HW44: 12.855945 | HX44: 7.3589743 | HY44: 8.9736157 | HZ44: 11.453993 | IA44: 14.638341 | IB44: 17.784144 | IC44: 19.329565 | ID44: 22.019207 | IE44: 25.382021 | IF44: 23.15777 | IG44: 23.442354 | IH44: 19.596099 | II44: 13.934369 | IJ44: 11.665184
A45: 5 | B45: Lower Sacramento | C45: Temperature | D45: Degrees Celsius | E45: 9.7315581 | F45: 10.674857 | G45: 11.242255 | H45: 13.03828 | I45: 14.983803 | J45: 17.84023 | K45: 20.705006 | L45: 21.665584 | M45: 20.020917 | N45: 16.819403 | O45: 14.57969 | P45: 11.74539 | Q45: 9.9718194 | R45: 11.204604 | S45: 12.3487 | T45: 14.55279 | U45: 16.719281 | V45: 20.406214 | W45: 22.780342 | X45: 23.657697 | Y45: 21.17933 | Z45: 18.866878 | AA45: 13.697293 | AB45: 10.9792 | AC45: 9.6511226 | AD45: 10.736968 | AE45: 13.657106 | AF45: 15.734763 | AG45: 19.857319 | AH45: 21.43443 | AI45: 22.367619 | AJ45: 22.867342 | AK45: 21.28297 | AL45: 17.146016 | AM45: 14.87345 | AN45: 9.8053258 | AO45: 9.3007065 | AP45: 10.297146 | AQ45: 12.554381 | AR45: 13.801243 | AS45: 16.123355 | AT45: 18.210283 | AU45: 22.667561 | AV45: 22.837071 | AW45: 21.32902 | AX45: 15.994106 | AY45: 13.094287 | AZ45: 9.013871 | BA45: 7.8942581 | BB45: 9.5443643 | BC45: 11.447813 | BD45: 13.614227 | BE45: 16.547252 | BF45: 19.80546 | BG45: 21.96389 | BH45: 21.476171 | BI45: 21.600397 | BJ45: 18.834674 | BK45: 15.154543 | BL45: 9.8538484 | BM45: 9.519329 | BN45: 11.032804 | BO45: 12.121271 | BP45: 16.11399 | BQ45: 18.927961 | BR45: 21.551641 | BS45: 21.935423 | BT45: 22.609639 | BU45: 21.049657 | BV45: 18.015356 | BW45: 12.596663 | BX45: 9.9547161 | BY45: 8.5437871 | BZ45: 9.1956964 | CA45: 13.75699 | CB45: 15.264677 | CC45: 20.016906 | CD45: 21.259863 | CE45: 22.273423 | CF45: 22.1293 | CG45: 21.028167 | CH45: 18.508426 | CI45: 15.81587 | CJ45: 9.7880194 | CK45: 9.5407484 | CL45: 9.8751393 | CM45: 12.960942 | CN45: 16.095637 | CO45: 17.368226 | CP45: 21.312917 | CQ45: 23.285613 | CR45: 22.72309 | CS45: 22.101553 | CT45: 17.931539 | CU45: 14.02929 | CV45: 10.965184 | CW45: 10.376613 | CX45: 11.055393 | CY45: 13.889226 | CZ45: 14.98835 | DA45: 16.737013 | DB45: 21.028083 | DC45: 23.524423 | DD45: 22.681126 | DE45: 21.634293 | DF45: 18.629081 | DG45: 14.036743 | DH45: 10.687758 | DI45: 9.1346774 | DJ45: 10.251996 | DK45: 14.01421 | DL45: 15.634713 | DM45: 18.417574 | DN45: 20.711107 | DO45: 22.60059 | DP45: 22.494887 | DQ45: 20.672597 | DR45: 17.634019 | DS45: 13.38627 | DT45: 10.10609 | DU45: 9.0177839 | DV45: 11.721875 | DW45: 14.906106 | DX45: 15.06162 | DY45: 17.846845 | DZ45: 19.341417 | EA45: 23.328529 | EB45: 23.338139 | EC45: 20.396077 | ED45: 17.450365 | EE45: 14.719457 | EF45: 10.639445 | EG45: 10.017 | EH45: 10.680557 | EI45: 10.805684 | EJ45: 12.220033 | EK45: 17.48641 | EL45: 20.570453 | EM45: 23.874735 | EN45: 22.397352 | EO45: 20.412127 | EP45: 16.932268 | EQ45: 14.38363 | ER45: 10.231645 | ES45: 7.4111032 | ET45: 10.854254 | EU45: 14.2692 | EV45: 15.932063 | EW45: 18.370861 | EX45: 20.68651 | EY45: 22.406216 | EZ45: 22.158687 | FA45: 21.14238 | FB45: 16.675919 | FC45: 15.479193 | FD45: 10.192674 | FE45: 8.4525065 | FF45: 9.6259607 | FG45: 13.836516 | FH45: 15.244143 | FI45: 17.982826 | FJ45: 19.888124 | FK45: 23.405774 | FL45: 22.709787 | FM45: 21.320837 | FN45: 17.156331 | FO45: 15.345733 | FP45: 10.932929 | FQ45: 8.3501871 | FR45: 10.338311 | FS45: 13.349587 | FT45: 15.16133 | FU45: 18.362194 | FV45: 20.265813 | FW45: 22.419681 | FX45: 22.332619 | FY45: 21.731793 | FZ45: 16.904542 | GA45: 13.248247 | GB45: 9.4214 | GC45: 9.2102774 | GD45: 11.356521 | GE45: 13.357413 | GF45: 14.72312 | GG45: 16.140445 | GH45: 19.429663 | GI45: 22.570171 | GJ45: 21.786374 | GK45: 20.084087 | GL45: 18.542787 | GM45: 14.04814 | GN45: 10.632816 | GO45: 8.2572336 | GP45: 9.8774036 | GQ45: 11.006461 | GR45: 13.605073 | GS45: 15.1875 | GT45: 17.931487 | GU45: 21.362487 | GV45: 22.266323 | GW45: 21.429017 | GX45: 20.6152 | GY45: 13.316843 | GZ45: 9.9335771 | HA45: 8.9965822 | HB45: 10.742746 | HC45: 12.193163 | HD45: 15.138858 | HE45: 18.004322 | HF45: 20.378394 | HG45: 22.590313 | HH45: 22.558345 | HI45: 21.294219 | HJ45: 18.601007 | HK45: 15.91238 | HL45: 12.565669 | HM45: 7.9457421 | HN45: 10.531715 | HO45: 13.815855 | HP45: 16.770874 | HQ45: 19.072637 | HR45: 20.037866 | HS45: 24.039174 | HT45: 22.179834 | HU45: 21.628075 | HV45: 17.070788 | HW45: 14.627175 | HX45: 10.362986 | HY45: 9.4549126 | HZ45: 10.742033 | IA45: 14.491555 | IB45: 16.754184 | IC45: 19.051954 | ID45: 21.451323 | IE45: 23.401106 | IF45: 22.416353 | IG45: 22.592495 | IH45: 20.255136 | II45: 16.169854 | IJ45: 13.423704
A46: 6 | B46: Lower San Joaquin | C46: Temperature | D46: Degrees Celsius | E46: 10.288771 | F46: 11.518082 | G46: 13.039377 | H46: 13.932143 | I46: 16.530658 | J46: 18.596063 | K46: 21.362223 | L46: 21.712294 | M46: 20.144493 | N46: 16.709097 | O46: 14.49539 | P46: 11.819632 | Q46: 10.162261 | R46: 12.291361 | S46: 13.486135 | T46: 15.193197 | U46: 17.443539 | V46: 20.724145 | W46: 23.063968 | X46: 23.918474 | Y46: 21.284617 | Z46: 18.725081 | AA46: 13.649577 | AB46: 11.256152 | AC46: 10.413361 | AD46: 11.605804 | AE46: 14.019877 | AF46: 15.9199 | AG46: 20.062219 | AH46: 21.548037 | AI46: 22.65499 | AJ46: 23.093019 | AK46: 21.311413 | AL46: 17.0161 | AM46: 14.880547 | AN46: 9.8273903 | AO46: 9.6158226 | AP46: 11.440857 | AQ46: 14.078332 | AR46: 15.025477 | AS46: 17.358539 | AT46: 19.687787 | AU46: 23.474594 | AV46: 23.315445 | AW46: 21.974807 | AX46: 16.069803 | AY46: 13.101397 | AZ46: 8.9200129 | BA46: 7.7384387 | BB46: 10.223293 | BC46: 12.380984 | BD46: 13.862693 | BE46: 16.674771 | BF46: 20.042393 | BG46: 22.290571 | BH46: 21.716268 | BI46: 21.680267 | BJ46: 18.780271 | BK46: 15.005937 | BL46: 9.864771 | BM46: 9.5569355 | BN46: 11.927746 | BO46: 13.437445 | BP46: 16.5395 | BQ46: 19.553268 | BR46: 21.835538 | BS46: 22.243681 | BT46: 22.88129 | BU46: 21.212243 | BV46: 17.891731 | BW46: 12.441187 | BX46: 9.8276419 | BY46: 8.5405161 | BZ46: 9.334425 | CA46: 14.109394 | CB46: 15.29127 | CC46: 20.254565 | CD46: 21.46568 | CE46: 22.506974 | CF46: 22.298645 | CG46: 21.065057 | CH46: 18.419784 | CI46: 15.713043 | CJ46: 9.9594871 | CK46: 9.5157419 | CL46: 9.9079643 | CM46: 13.412394 | CN46: 16.28861 | CO46: 17.453068 | CP46: 21.41351 | CQ46: 23.527448 | CR46: 22.880497 | CS46: 22.2261 | CT46: 17.69501 | CU46: 13.88422 | CV46: 11.087239 | CW46: 10.274239 | CX46: 11.380461 | CY46: 14.364123 | CZ46: 15.253723 | DA46: 17.378771 | DB46: 21.44187 | DC46: 23.874245 | DD46: 22.914339 | DE46: 21.685647 | DF46: 18.522019 | DG46: 13.745387 | DH46: 10.75179 | DI46: 9.1269032 | DJ46: 10.721464 | DK46: 14.930187 | DL46: 16.143323 | DM46: 18.468674 | DN46: 20.813272 | DO46: 22.79751 | DP46: 22.594229 | DQ46: 20.623307 | DR46: 17.502666 | DS46: 13.19694 | DT46: 9.9514677 | DU46: 9.3243161 | DV46: 12.006511 | DW46: 15.6206 | DX46: 15.36167 | DY46: 18.738381 | DZ46: 19.766863 | EA46: 23.541061 | EB46: 23.425119 | EC46: 20.385967 | ED46: 17.409397 | EE46: 14.591547 | EF46: 10.844271 | EG46: 10.578203 | EH46: 11.269593 | EI46: 12.153845 | EJ46: 14.58022 | EK46: 19.105223 | EL46: 21.27336 | EM46: 24.152313 | EN46: 22.4899 | EO46: 20.466943 | EP46: 16.805952 | EQ46: 14.234763 | ER46: 10.0668 | ES46: 7.3209806 | ET46: 10.993829 | EU46: 14.971635 | EV46: 16.14244 | EW46: 18.490952 | EX46: 20.78632 | EY46: 22.563187 | EZ46: 22.265255 | FA46: 21.121327 | FB46: 16.580658 | FC46: 15.347747 | FD46: 9.9478323 | FE46: 8.5641258 | FF46: 9.8872429 | FG46: 14.225387 | FH46: 15.271347 | FI46: 18.13801 | FJ46: 20.1069 | FK46: 23.54791 | FL46: 22.796145 | FM46: 21.32006 | FN46: 17.055212 | FO46: 15.33252 | FP46: 10.712594 | FQ46: 8.3610613 | FR46: 10.481161 | FS46: 13.670374 | FT46: 15.241337 | FU46: 18.657455 | FV46: 20.403083 | FW46: 22.598603 | FX46: 22.438629 | FY46: 21.80013 | FZ46: 16.622755 | GA46: 13.031587 | GB46: 9.2081161 | GC46: 9.3359355 | GD46: 11.432729 | GE46: 13.776587 | GF46: 14.968657 | GG46: 16.2725 | GH46: 19.840057 | GI46: 22.749584 | GJ46: 21.909161 | GK46: 20.116983 | GL46: 18.399329 | GM46: 13.874867 | GN46: 10.703368 | GO46: 8.3670018 | GP46: 10.066393 | GQ46: 11.884381 | GR46: 14.63164 | GS46: 15.573145 | GT46: 18.73461 | GU46: 21.895152 | GV46: 22.390635 | GW46: 21.560347 | GX46: 20.885 | GY46: 13.443548 | GZ46: 9.800408 | HA46: 8.883747 | HB46: 10.591253 | HC46: 12.266805 | HD46: 15.353944 | HE46: 18.762964 | HF46: 20.134104 | HG46: 22.565693 | HH46: 22.404255 | HI46: 21.734848 | HJ46: 18.867164 | HK46: 17.069789 | HL46: 13.497008 | HM46: 8.038981 | HN46: 10.034067 | HO46: 13.065638 | HP46: 16.770446 | HQ46: 19.362089 | HR46: 20.146942 | HS46: 23.712841 | HT46: 21.941085 | HU46: 22.231731 | HV46: 17.50838 | HW46: 14.643334 | HX46: 10.204817 | HY46: 8.8729628 | HZ46: 10.986675 | IA46: 14.178299 | IB46: 16.132806 | IC46: 19.188343 | ID46: 21.487484 | IE46: 23.427376 | IF46: 23.539712 | IG46: 23.219259 | IH46: 19.933107 | II46: 16.351838 | IJ46: 13.256609
A47: 7 | B47: Confluence | C47: Temperature | D47: Degrees Celsius | E47: 9.728729 | F47: 10.852311 | G47: 11.702765 | H47: 13.242057 | I47: 15.402806 | J47: 18.060857 | K47: 20.941394 | L47: 21.668997 | M47: 20.121297 | N47: 16.961416 | O47: 14.652763 | P47: 11.95219 | Q47: 9.9339774 | R47: 11.466268 | S47: 12.621797 | T47: 14.766293 | U47: 16.899887 | V47: 20.497124 | W47: 22.753297 | X47: 23.865268 | Y47: 21.335677 | Z47: 18.939594 | AA47: 14.00791 | AB47: 11.143674 | AC47: 9.824629 | AD47: 11.018525 | AE47: 13.681245 | AF47: 15.755003 | AG47: 19.798874 | AH47: 21.477387 | AI47: 22.417568 | AJ47: 23.031945 | AK47: 21.287317 | AL47: 17.313094 | AM47: 15.08208 | AN47: 10.06301 | AO47: 9.2438839 | AP47: 10.579007 | AQ47: 13.013803 | AR47: 14.15474 | AS47: 16.6239 | AT47: 18.67365 | AU47: 22.9972 | AV47: 23.252213 | AW47: 21.82616 | AX47: 16.146565 | AY47: 13.230257 | AZ47: 9.0981194 | BA47: 7.6851452 | BB47: 9.6821286 | BC47: 11.702739 | BD47: 13.628087 | BE47: 16.4067 | BF47: 19.716443 | BG47: 22.196365 | BH47: 21.413094 | BI47: 21.639173 | BJ47: 18.958468 | BK47: 15.47882 | BL47: 10.148081 | BM47: 9.4497419 | BN47: 11.240675 | BO47: 12.426481 | BP47: 16.193397 | BQ47: 19.100977 | BR47: 21.527079 | BS47: 22.067542 | BT47: 22.711658 | BU47: 21.071327 | BV47: 18.218 | BW47: 12.90148 | BX47: 10.056816 | BY47: 8.6238613 | BZ47: 9.2194679 | CA47: 13.624142 | CB47: 15.253743 | CC47: 19.869761 | CD47: 21.284283 | CE47: 22.300694 | CF47: 22.013984 | CG47: 20.92279 | CH47: 18.413794 | CI47: 15.930297 | CJ47: 9.9995774 | CK47: 9.5777516 | CL47: 9.6833679 | CM47: 13.084652 | CN47: 16.099453 | CO47: 17.166619 | CP47: 21.141493 | CQ47: 23.204881 | CR47: 22.770148 | CS47: 21.92056 | CT47: 18.053171 | CU47: 14.180487 | CV47: 11.135419 | CW47: 10.299145 | CX47: 11.185196 | CY47: 13.938642 | CZ47: 15.134097 | DA47: 16.852068 | DB47: 21.189867 | DC47: 23.626252 | DD47: 22.910558 | DE47: 21.677557 | DF47: 18.657494 | DG47: 14.318077 | DH47: 10.876023 | DI47: 9.0988581 | DJ47: 10.322707 | DK47: 14.172594 | DL47: 15.83498 | DM47: 18.289529 | DN47: 20.565214 | DO47: 22.545042 | DP47: 22.482403 | DQ47: 20.707667 | DR47: 17.702359 | DS47: 13.615087 | DT47: 10.213868 | DU47: 9.0070774 | DV47: 11.641604 | DW47: 15.161739 | DX47: 15.077127 | DY47: 18.167048 | DZ47: 19.472997 | EA47: 23.20769 | EB47: 23.301329 | EC47: 20.40257 | ED47: 17.552642 | EE47: 14.946293 | EF47: 10.937997 | EG47: 10.1385 | EH47: 10.873646 | EI47: 11.148574 | EJ47: 12.955673 | EK47: 18.168065 | EL47: 20.731487 | EM47: 23.910239 | EN47: 22.550329 | EO47: 20.49601 | EP47: 16.987735 | EQ47: 14.601217 | ER47: 10.558787 | ES47: 7.5202097 | ET47: 10.713314 | EU47: 14.280623 | EV47: 16.0401 | EW47: 18.168755 | EX47: 20.471967 | EY47: 22.322532 | EZ47: 22.032068 | FA47: 21.205267 | FB47: 16.753432 | FC47: 15.507873 | FD47: 10.542661 | FE47: 8.4687 | FF47: 9.5563571 | FG47: 13.784381 | FH47: 15.160307 | FI47: 17.806377 | FJ47: 19.708659 | FK47: 23.17229 | FL47: 22.496265 | FM47: 21.07091 | FN47: 17.030638 | FO47: 15.0992 | FP47: 10.994968 | FQ47: 8.2959935 | FR47: 10.246918 | FS47: 13.290029 | FT47: 15.083807 | FU47: 18.287906 | FV47: 20.14235 | FW47: 22.296552 | FX47: 22.228832 | FY47: 21.611493 | FZ47: 16.966516 | GA47: 13.44215 | GB47: 9.6297548 | GC47: 9.1470516 | GD47: 11.210525 | GE47: 13.369142 | GF47: 14.792717 | GG47: 16.110781 | GH47: 19.44501 | GI47: 22.419439 | GJ47: 21.721819 | GK47: 20.076653 | GL47: 18.625474 | GM47: 14.382357 | GN47: 10.76759 | GO47: 8.1250279 | GP47: 9.8749821 | GQ47: 11.212755 | GR47: 13.871757 | GS47: 15.243226 | GT47: 18.153783 | GU47: 21.511787 | GV47: 22.228639 | GW47: 21.56905 | GX47: 20.927 | GY47: 13.729841 | GZ47: 9.9460951 | HA47: 9.0267108 | HB47: 10.861031 | HC47: 12.074259 | HD47: 14.773024 | HE47: 18.575528 | HF47: 19.79236 | HG47: 22.05056 | HH47: 21.581245 | HI47: 20.746157 | HJ47: 18.080409 | HK47: 15.62008 | HL47: 13.098036 | HM47: 7.9111404 | HN47: 10.313831 | HO47: 13.4158 | HP47: 17.113261 | HQ47: 18.883461 | HR47: 19.404699 | HS47: 22.274732 | HT47: 21.058081 | HU47: 21.765476 | HV47: 17.443598 | HW47: 14.664476 | HX47: 10.499809 | HY47: 9.6557919 | HZ47: 11.187554 | IA47: 14.551284 | IB47: 16.593306 | IC47: 19.064696 | ID47: 20.54753 | IE47: 22.257258 | IF47: 21.690086 | IG47: 21.676644 | IH47: 20.298496 | II47: 16.772646 | IJ47: 13.52785
A48: 8 | B48: South Suisun East | C48: Temperature | D48: Degrees Celsius | E48: 9.6506871 | F48: 10.658996 | G48: 11.414768 | H48: 13.00964 | I48: 15.052842 | J48: 18.055593 | K48: 21.065061 | L48: 21.706642 | M48: 20.165213 | N48: 17.260181 | O48: 14.85593 | P48: 12.247203 | Q48: 9.943 | R48: 11.215725 | S48: 12.379226 | T48: 14.762613 | U48: 16.919484 | V48: 20.431641 | W48: 22.44061 | X48: 23.342187 | Y48: 21.061773 | Z48: 18.498866 | AA48: 13.987477 | AB48: 11.175861 | AC48: 9.7172032 | AD48: 10.8207 | AE48: 13.537865 | AF48: 15.904303 | AG48: 19.761877 | AH48: 21.522097 | AI48: 22.201648 | AJ48: 22.59111 | AK48: 21.224297 | AL48: 17.502087 | AM48: 15.2337 | AN48: 10.322513 | AO48: 9.2226 | AP48: 10.362386 | AQ48: 12.632065 | AR48: 13.81161 | AS48: 16.509158 | AT48: 18.35823 | AU48: 22.731106 | AV48: 23.210965 | AW48: 21.86895 | AX48: 16.415697 | AY48: 13.361413 | AZ48: 9.2567387 | BA48: 7.7216419 | BB48: 9.5198964 | BC48: 11.485306 | BD48: 13.605093 | BE48: 16.401106 | BF48: 19.552093 | BG48: 22.019403 | BH48: 21.209677 | BI48: 21.04405 | BJ48: 18.78289 | BK48: 15.460113 | BL48: 10.448071 | BM48: 9.5809645 | BN48: 11.096054 | BO48: 12.132187 | BP48: 16.082877 | BQ48: 18.902445 | BR48: 21.294652 | BS48: 21.757526 | BT48: 22.323326 | BU48: 20.745097 | BV48: 18.157147 | BW48: 13.078193 | BX48: 10.361477 | BY48: 8.8355226 | BZ48: 9.3781429 | CA48: 13.394832 | CB48: 15.28784 | CC48: 19.676806 | CD48: 21.309613 | CE48: 21.948835 | CF48: 21.547826 | CG48: 20.5183 | CH48: 18.168855 | CI48: 15.941447 | CJ48: 10.316926 | CK48: 9.7615355 | CL48: 9.7721071 | CM48: 13.104381 | CN48: 16.06764 | CO48: 17.15139 | CP48: 20.902603 | CQ48: 22.646768 | CR48: 22.081716 | CS48: 21.31249 | CT48: 17.864826 | CU48: 14.319257 | CV48: 11.308932 | CW48: 10.274006 | CX48: 11.268725 | CY48: 13.975742 | CZ48: 15.268943 | DA48: 16.790794 | DB48: 21.05319 | DC48: 23.281987 | DD48: 22.750126 | DE48: 21.473853 | DF48: 18.613768 | DG48: 14.4532 | DH48: 11.048668 | DI48: 9.1205613 | DJ48: 10.350518 | DK48: 13.985148 | DL48: 16.021907 | DM48: 18.482097 | DN48: 20.520359 | DO48: 22.210865 | DP48: 22.13279 | DQ48: 20.87987 | DR48: 17.7481 | DS48: 13.889517 | DT48: 10.439135 | DU48: 9.0353452 | DV48: 11.465779 | DW48: 14.9996 | DX48: 15.073773 | DY48: 17.97039 | DZ48: 19.575107 | EA48: 22.808681 | EB48: 22.604152 | EC48: 20.134683 | ED48: 17.708548 | EE48: 15.057013 | EF48: 11.16721 | EG48: 10.085623 | EH48: 10.844882 | EI48: 10.883042 | EJ48: 12.35439 | EK48: 17.824974 | EL48: 20.614467 | EM48: 23.578545 | EN48: 22.237123 | EO48: 20.216907 | EP48: 17.052558 | EQ48: 14.893733 | ER48: 10.748729 | ES48: 7.8929935 | ET48: 10.694418 | EU48: 14.150939 | EV48: 16.005557 | EW48: 17.9907 | EX48: 20.273163 | EY48: 22.1118 | EZ48: 21.710248 | FA48: 21.016457 | FB48: 16.837961 | FC48: 15.337127 | FD48: 10.603006 | FE48: 8.4264935 | FF48: 9.4324036 | FG48: 13.549116 | FH48: 15.059317 | FI48: 17.796977 | FJ48: 19.804028 | FK48: 22.442074 | FL48: 21.880203 | FM48: 20.135473 | FN48: 16.385713 | FO48: 14.066653 | FP48: 10.373042 | FQ48: 8.4474 | FR48: 10.256036 | FS48: 13.165803 | FT48: 15.165733 | FU48: 18.192568 | FV48: 19.987267 | FW48: 21.855445 | FX48: 21.672971 | FY48: 21.269413 | FZ48: 17.009452 | GA48: 13.743197 | GB48: 9.8015935 | GC48: 9.2242839 | GD48: 11.068425 | GE48: 13.336832 | GF48: 14.826233 | GG48: 16.216926 | GH48: 19.54227 | GI48: 21.820874 | GJ48: 21.065439 | GK48: 19.958093 | GL48: 18.560842 | GM48: 14.521457 | GN48: 10.828277 | GO48: 9.0454456 | GP48: 9.9087536 | GQ48: 10.983342 | GR48: 13.65482 | GS48: 15.284539 | GT48: 18.10525 | GU48: 21.454571 | GV48: 21.783835 | GW48: 21.281227 | GX48: 20.8216 | GY48: 14.092175 | GZ48: 9.9583641 | HA48: 9.4719659 | HB48: 10.983291 | HC48: 12.282325 | HD48: 15.139307 | HE48: 18.363509 | HF48: 19.706586 | HG48: 21.666028 | HH48: 21.406191 | HI48: 20.094488 | HJ48: 17.767494 | HK48: 15.468517 | HL48: 11.844322 | HM48: 8.0827431 | HN48: 10.462645 | HO48: 13.538228 | HP48: 16.703942 | HQ48: 18.766429 | HR48: 19.619865 | HS48: 22.026497 | HT48: 21.30788 | HU48: 21.659222 | HV48: 16.950193 | HW48: 14.320522 | HX48: 10.144251 | HY48: 9.8580426 | HZ48: 11.93869 | IA48: 14.741181 | IB48: 16.819284 | IC48: 18.836126 | ID48: 20.430328 | IE48: 22.186109 | IF48: 21.9469 | IG48: 21.561456 | IH48: 19.406264 | II48: 16.217446 | IJ48: 13.334813
A49: 9 | B49: North Suisun East | C49: Temperature | D49: Degrees Celsius | E49: 9.6791258 | F49: 10.753368 | G49: 11.526442 | H49: 13.114863 | I49: 15.281555 | J49: 18.19913 | K49: 21.204365 | L49: 21.710594 | M49: 20.154777 | N49: 17.043223 | O49: 14.71643 | P49: 12.095194 | Q49: 9.870229 | R49: 11.326446 | S49: 12.486632 | T49: 14.877773 | U49: 17.028013 | V49: 20.605272 | W49: 22.795684 | X49: 23.654165 | Y49: 21.182587 | Z49: 18.527881 | AA49: 13.920137 | AB49: 11.090023 | AC49: 9.7105194 | AD49: 10.848036 | AE49: 13.721835 | AF49: 15.913653 | AG49: 19.936081 | AH49: 21.56461 | AI49: 22.49369 | AJ49: 22.864419 | AK49: 21.227217 | AL49: 17.293226 | AM49: 15.136993 | AN49: 10.152652 | AO49: 9.1974871 | AP49: 10.387725 | AQ49: 12.819435 | AR49: 14.03152 | AS49: 16.669261 | AT49: 18.683227 | AU49: 23.098106 | AV49: 23.438271 | AW49: 21.99263 | AX49: 16.24329 | AY49: 13.25115 | AZ49: 9.0697194 | BA49: 7.6193 | BB49: 9.5931964 | BC49: 11.644155 | BD49: 13.644337 | BE49: 16.533319 | BF49: 19.80151 | BG49: 22.2461 | BH49: 21.453835 | BI49: 21.252403 | BJ49: 18.737881 | BK49: 15.355877 | BL49: 10.267661 | BM49: 9.5158226 | BN49: 11.190564 | BO49: 12.3008 | BP49: 16.272293 | BQ49: 19.248587 | BR49: 21.602052 | BS49: 22.044935 | BT49: 22.594074 | BU49: 20.897347 | BV49: 18.01205 | BW49: 12.891693 | BX49: 10.180445 | BY49: 8.7024548 | BZ49: 9.346975 | CA49: 13.626423 | CB49: 15.302153 | CC49: 19.9364 | CD49: 21.430573 | CE49: 22.234435 | CF49: 21.832442 | CG49: 20.656337 | CH49: 18.122458 | CI49: 15.80061 | CJ49: 10.143487 | CK49: 9.6018645 | CL49: 9.7981321 | CM49: 13.237097 | CN49: 16.146433 | CO49: 17.321535 | CP49: 21.14298 | CQ49: 23.108129 | CR49: 22.428061 | CS49: 21.605353 | CT49: 17.734245 | CU49: 14.154347 | CV49: 11.161323 | CW49: 10.247465 | CX49: 11.280793 | CY49: 14.142365 | CZ49: 15.28085 | DA49: 17.030545 | DB49: 21.376147 | DC49: 23.712784 | DD49: 22.941784 | DE49: 21.550777 | DF49: 18.493116 | DG49: 14.245643 | DH49: 10.946203 | DI49: 9.0444903 | DJ49: 10.346061 | DK49: 14.211077 | DL49: 16.11527 | DM49: 18.468352 | DN49: 20.701234 | DO49: 22.536806 | DP49: 22.355435 | DQ49: 20.745147 | DR49: 17.61585 | DS49: 13.658893 | DT49: 10.216 | DU49: 8.9912097 | DV49: 11.547686 | DW49: 15.188819 | DX49: 15.172217 | DY49: 18.249535 | DZ49: 19.703 | EA49: 23.194745 | EB49: 22.964545 | EC49: 20.177863 | ED49: 17.556694 | EE49: 14.894263 | EF49: 11.113606 | EG49: 10.058806 | EH49: 10.904475 | EI49: 11.055639 | EJ49: 12.600837 | EK49: 18.145665 | EL49: 20.916893 | EM49: 23.936332 | EN49: 22.406497 | EO49: 20.293707 | EP49: 16.894226 | EQ49: 14.691317 | ER49: 10.577603 | ES49: 7.6974387 | ET49: 10.784039 | EU49: 14.431448 | EV49: 16.10928 | EW49: 18.200639 | EX49: 20.506533 | EY49: 22.3602 | EZ49: 21.956535 | FA49: 20.9834 | FB49: 16.708816 | FC49: 15.265223 | FD49: 10.408487 | FE49: 8.4056 | FF49: 9.5113107 | FG49: 13.774397 | FH49: 15.148187 | FI49: 17.935477 | FJ49: 19.983434 | FK49: 22.893842 | FL49: 22.240784 | FM49: 20.440817 | FN49: 16.467803 | FO49: 14.280917 | FP49: 10.319113 | FQ49: 8.3706516 | FR49: 10.292782 | FS49: 13.329877 | FT49: 15.185633 | FU49: 18.464594 | FV49: 20.175193 | FW49: 22.193223 | FX49: 21.955265 | FY49: 21.382363 | FZ49: 16.737029 | GA49: 13.521297 | GB49: 9.6509935 | GC49: 9.1653065 | GD49: 11.1017 | GE49: 13.479003 | GF49: 14.861597 | GG49: 16.239871 | GH49: 19.763913 | GI49: 22.224277 | GJ49: 21.34689 | GK49: 19.983333 | GL49: 18.436026 | GM49: 14.35247 | GN49: 10.785094 | GO49: 8.1228584 | GP49: 9.8867964 | GQ49: 11.120839 | GR49: 13.732743 | GS49: 15.305732 | GT49: 18.350537 | GU49: 21.701274 | GV49: 22.030881 | GW49: 21.416667 | GX49: 20.8373 | GY49: 13.949348 | GZ49: 9.920233 | HA49: 9.4109769 | HB49: 10.81892 | HC49: 12.244837 | HD49: 15.092896 | HE49: 18.584938 | HF49: 19.567788 | HG49: 21.24485 | HH49: 21.14471 | HI49: 19.742758 | HJ49: 17.154665 | HK49: 14.952882 | HL49: 13.110573 | HM49: 8.5722021 | HN49: 10.429489 | HO49: 13.420834 | HP49: 17.17753 | HQ49: 18.88878 | HR49: 19.517861 | HS49: 22.182052 | HT49: 21.180658 | HU49: 21.555111 | HV49: 17.094753 | HW49: 14.533494 | HX49: 9.3510644 | HY49: 9.920233 | HZ49: 11.897345 | IA49: 14.976847 | IB49: 16.771872 | IC49: 19.162666 | ID49: 20.386592 | IE49: 22.068111 | IF49: 21.180658 | IG49: 21.360395 | IH49: 19.476274 | II49: 16.840125 | IJ49: 14.044977
A50: 10 | B50: Suisun Marsh | C50: Temperature | D50: Degrees Celsius | E50: 9.9130613 | F50: 11.979839 | G50: 13.183481 | H50: 13.874197 | I50: 16.606694 | J50: 19.019627 | K50: 21.831161 | L50: 21.595642 | M50: 20.05031 | N50: 16.333326 | O50: 14.197527 | P50: 11.345284 | Q50: 9.6652452 | R50: 12.508286 | S50: 13.551384 | T50: 15.626913 | U50: 17.964719 | V50: 21.216466 | W50: 23.505829 | X50: 24.028913 | Y50: 21.164403 | Z50: 18.155487 | AA50: 13.324733 | AB50: 10.555974 | AC50: 9.7538839 | AD50: 11.572896 | AE50: 14.956719 | AF50: 16.202873 | AG50: 20.449948 | AH50: 21.568197 | AI50: 22.984081 | AJ50: 23.109129 | AK50: 21.01804 | AL50: 16.398381 | AM50: 14.68004 | AN50: 9.0477032 | AO50: 9.1711839 | AP50: 10.849943 | AQ50: 14.625965 | AR50: 15.479257 | AS50: 17.724419 | AT50: 20.36657 | AU50: 24.070197 | AV50: 23.82731 | AW50: 22.150333 | AX50: 15.591132 | AY50: 12.659353 | AZ50: 7.8403613 | BA50: 7.1066806 | BB50: 10.265339 | BC50: 13.082345 | BD50: 14.16839 | BE50: 16.973861 | BF50: 20.303283 | BG50: 22.449758 | BH50: 21.874932 | BI50: 21.386013 | BJ50: 18.367926 | BK50: 14.55501 | BL50: 9.2194645 | BM50: 9.4481194 | BN50: 12.048054 | BO50: 13.947271 | BP50: 17.016483 | BQ50: 20.218616 | BR50: 22.114369 | BS50: 22.328403 | BT50: 22.862761 | BU50: 21.00905 | BV50: 17.128637 | BW50: 11.75637 | BX50: 9.3739839 | BY50: 8.0701935 | BZ50: 9.4789 | CA50: 14.975074 | CB50: 15.319577 | CC50: 20.580539 | CD50: 21.654543 | CE50: 22.576739 | CF50: 22.132577 | CG50: 20.560653 | CH50: 17.732426 | CI50: 15.134567 | CJ50: 9.3640452 | CK50: 8.974629 | CL50: 10.332079 | CM50: 14.041984 | CN50: 16.58365 | CO50: 17.788948 | CP50: 21.502073 | CQ50: 23.797197 | CR50: 22.699839 | CS50: 22.001213 | CT50: 16.953755 | CU50: 13.340673 | CV50: 10.417042 | CW50: 10.076145 | CX50: 11.608071 | CY50: 15.247726 | CZ50: 15.421983 | DA50: 18.127358 | DB50: 21.93338 | DC50: 24.390326 | DD50: 23.006174 | DE50: 21.430947 | DF50: 17.990584 | DG50: 12.912687 | DH50: 10.449494 | DI50: 8.8338516 | DJ50: 10.8081 | DK50: 16.140303 | DL50: 16.623763 | DM50: 18.627397 | DN50: 20.998434 | DO50: 22.983584 | DP50: 22.463555 | DQ50: 20.19804 | DR50: 16.930725 | DS50: 12.626607 | DT50: 9.2635097 | DU50: 8.9008645 | DV50: 12.175568 | DW50: 16.425813 | DX50: 15.84355 | DY50: 19.4601 | DZ50: 20.195093 | EA50: 23.902032 | EB50: 23.161732 | EC50: 19.855487 | ED50: 17.012877 | EE50: 14.080833 | EF50: 10.764103 | EG50: 10.114316 | EH50: 11.708332 | EI50: 12.706532 | EJ50: 15.016717 | EK50: 19.996732 | EL50: 21.978577 | EM50: 24.569713 | EN50: 22.254594 | EO50: 20.036967 | EP50: 16.185694 | EQ50: 13.834047 | ER50: 9.4810677 | ES50: 6.9878516 | ET50: 11.541179 | EU50: 16.080213 | EV50: 16.362523 | EW50: 18.657648 | EX50: 20.84453 | EY50: 22.672268 | EZ50: 22.163081 | FA50: 20.558677 | FB50: 16.085839 | FC50: 14.69417 | FD50: 9.1621806 | FE50: 8.2473677 | FF50: 10.221032 | FG50: 14.966168 | FH50: 15.349267 | FI50: 18.338197 | FJ50: 20.446417 | FK50: 23.489394 | FL50: 22.552035 | FM50: 20.55014 | FN50: 16.227347 | FO50: 14.479253 | FP50: 9.4465419 | FQ50: 8.1611645 | FR50: 10.649657 | FS50: 14.276887 | FT50: 15.426257 | FU50: 19.214781 | FV50: 20.463383 | FW50: 22.658739 | FX50: 22.198635 | FY50: 21.462963 | FZ50: 15.709677 | GA50: 12.334483 | GB50: 8.6279645 | GC50: 9.0104548 | GD50: 11.589904 | GE50: 14.380977 | GF50: 15.139363 | GG50: 16.373235 | GH50: 20.503683 | GI50: 22.767003 | GJ50: 21.565803 | GK50: 19.809197 | GL50: 17.833442 | GM50: 13.26721 | GN50: 10.505129 | GO50: 8.1616254 | GP50: 9.8652786 | GQ50: 12.314261 | GR50: 14.511323 | GS50: 15.633923 | GT50: 19.537263 | GU50: 22.453155 | GV50: 22.270816 | GW50: 21.400107 | GX50: 20.8329 | GY50: 12.650932 | GZ50: 8.86802 | HA50: 10.286756 | HB50: 11.616846 | HC50: 12.596609 | HD50: 18.004322 | HE50: 19.336626 | HF50: 20.764333 | HG50: 22.599637 | HH50: 21.439993 | HI50: 19.82701 | HJ50: 16.318699 | HK50: 13.946851 | HL50: 10.191458 | HM50: 6.9391821 | HN50: 10.628658 | HO50: 14.473582 | HP50: 16.552942 | HQ50: 19.945132 | HR50: 20.530637 | HS50: 22.906973 | HT50: 22.510715 | HU50: 20.718162 | HV50: 17.324667 | HW50: 14.435742 | HX50: 9.9825743 | HY50: 9.8145978 | HZ50: 10.802444 | IA50: 14.58853 | IB50: 17.589046 | IC50: 19.58103 | ID50: 20.640915 | IE50: 22.752443 | IF50: 21.931183 | IG50: 21.636914 | IH50: 18.133486 | II50: 15.84408 | IJ50: 13.456969
A51: 11 | B51: South Susuin West | C51: Temperature | D51: Degrees Celsius | E51: 9.8602032 | F51: 11.012046 | G51: 11.578503 | H51: 13.539047 | I51: 15.524281 | J51: 18.71313 | K51: 21.217116 | L51: 21.591294 | M51: 20.069733 | N51: 17.7607 | O51: 15.17061 | P51: 12.593981 | Q51: 10.207797 | R51: 11.295793 | S51: 12.934674 | T51: 15.265233 | U51: 17.586984 | V51: 20.132869 | W51: 21.657584 | X51: 22.025265 | Y51: 20.370577 | Z51: 17.854278 | AA51: 13.8653 | AB51: 11.226455 | AC51: 9.6059387 | AD51: 11.054414 | AE51: 13.501261 | AF51: 16.05662 | AG51: 19.572042 | AH51: 21.237607 | AI51: 21.500761 | AJ51: 21.46519 | AK51: 21.114573 | AL51: 17.639071 | AM51: 15.388543 | AN51: 10.441465 | AO51: 9.3999032 | AP51: 10.339543 | AQ51: 13.015765 | AR51: 14.18985 | AS51: 16.72859 | AT51: 18.657883 | AU51: 21.994723 | AV51: 22.552268 | AW51: 21.241713 | AX51: 16.727403 | AY51: 13.509 | AZ51: 9.3473677 | BA51: 8.0575065 | BB51: 9.5022143 | BC51: 11.5183 | BD51: 13.76965 | BE51: 16.403745 | BF51: 19.037523 | BG51: 21.147916 | BH51: 20.679826 | BI51: 19.975687 | BJ51: 18.535948 | BK51: 15.337753 | BL51: 10.712919 | BM51: 9.9439839 | BN51: 11.195871 | BO51: 12.260668 | BP51: 15.940437 | BQ51: 18.271758 | BR51: 20.601041 | BS51: 20.837955 | BT51: 21.320003 | BU51: 20.092843 | BV51: 17.977706 | BW51: 13.26801 | BX51: 10.774313 | BY51: 9.2130161 | BZ51: 9.790575 | CA51: 13.310571 | CB51: 15.23779 | CC51: 19.215003 | CD51: 21.040027 | CE51: 21.044274 | CF51: 20.712894 | CG51: 19.73515 | CH51: 17.9693 | CI51: 15.935337 | CJ51: 10.747839 | CK51: 10.038758 | CL51: 10.321143 | CM51: 13.086087 | CN51: 15.834773 | CO51: 17.127303 | CP51: 20.235257 | CQ51: 21.440965 | CR51: 20.698071 | CS51: 20.343027 | CT51: 17.615632 | CU51: 14.558093 | CV51: 11.599719 | CW51: 10.370181 | CX51: 11.504996 | CY51: 14.118035 | CZ51: 15.29248 | DA51: 17.150574 | DB51: 20.374017 | DC51: 22.303974 | DD51: 22.01631 | DE51: 21.059043 | DF51: 18.632468 | DG51: 14.50614 | DH51: 11.237187 | DI51: 9.4711355 | DJ51: 10.786493 | DK51: 14.148865 | DL51: 16.156 | DM51: 18.630365 | DN51: 20.212341 | DO51: 21.444861 | DP51: 21.419568 | DQ51: 21.113227 | DR51: 17.752253 | DS51: 14.202503 | DT51: 10.901965 | DU51: 9.2370419 | DV51: 11.486782 | DW51: 14.866784 | DX51: 15.26631 | DY51: 18.035342 | DZ51: 19.759923 | EA51: 22.0571 | EB51: 21.355558 | EC51: 19.63836 | ED51: 17.898777 | EE51: 15.18653 | EF51: 11.376206 | EG51: 10.163013 | EH51: 11.012707 | EI51: 11.025765 | EJ51: 12.632467 | EK51: 18.127913 | EL51: 20.692807 | EM51: 22.753735 | EN51: 21.327432 | EO51: 19.72839 | EP51: 17.153771 | EQ51: 15.180137 | ER51: 10.914248 | ES51: 8.451171 | ET51: 10.858296 | EU51: 14.028613 | EV51: 15.80176 | EW51: 17.623987 | EX51: 19.80785 | EY51: 21.673494 | EZ51: 21.087403 | FA51: 20.602037 | FB51: 16.961535 | FC51: 15.149087 | FD51: 10.639294 | FE51: 8.4579452 | FF51: 9.501425 | FG51: 13.331197 | FH51: 14.881943 | FI51: 17.605365 | FJ51: 19.748383 | FK51: 21.209848 | FL51: 20.835148 | FM51: 18.680053 | FN51: 15.513322 | FO51: 12.856687 | FP51: 9.7375581 | FQ51: 8.7403516 | FR51: 10.453696 | FS51: 13.053213 | FT51: 15.17774 | FU51: 17.9653 | FV51: 19.5377 | FW51: 20.99649 | FX51: 20.760684 | FY51: 20.791137 | FZ51: 17.090284 | GA51: 14.129853 | GB51: 9.9683161 | GC51: 9.4554161 | GD51: 11.185514 | GE51: 13.367297 | GF51: 14.906107 | GG51: 16.481058 | GH51: 19.732977 | GI51: 20.602874 | GJ51: 19.931381 | GK51: 19.887417 | GL51: 18.402523 | GM51: 14.55484 | GN51: 10.940035 | GO51: 8.7408851 | GP51: 10.141746 | GQ51: 11.090955 | GR51: 14.06869 | GS51: 15.905913 | GT51: 18.551317 | GU51: 21.263345 | GV51: 20.890074 | GW51: 20.551533 | GX51: 20.4827 | GY51: 14.20378 | GZ51: 10.489474 | HA51: 9.7222516 | HB51: 11.15386 | HC51: 12.311241 | HD51: 14.396272 | HE51: 17.411867 | HF51: 18.946625 | HG51: 20.813124 | HH51: 21.321781 | HI51: 19.654941 | HJ51: 17.961416 | HK51: 16.485002 | HL51: 13.686233 | HM51: 9.2890843 | HN51: 10.726984 | HO51: 13.512914 | HP51: 16.23933 | HQ51: 18.238909 | HR51: 18.991559 | HS51: 22.129059 | HT51: 21.062959 | HU51: 21.450068 | HV51: 17.125637 | HW51: 14.427329 | HX51: 11.268443 | HY51: 10.301006 | HZ51: 12.211615 | IA51: 14.717155 | IB51: 16.07482 | IC51: 18.509536 | ID51: 19.653592 | IE51: 21.457611 | IF51: 21.307402 | IG51: 21.001848 | IH51: 19.943022 | II51: 16.328052 | IJ51: 13.854416
A52: 12 | B52: North Suisun West | C52: Temperature | D52: Degrees Celsius | E52: 9.8005419 | F52: 10.989554 | G52: 11.694832 | H52: 13.336313 | I52: 15.568913 | J52: 18.617883 | K52: 21.437635 | L52: 21.657919 | M52: 20.12591 | N52: 17.303061 | O52: 14.9062 | P52: 12.31979 | Q52: 10.016132 | R52: 11.438589 | S52: 12.7039 | T52: 15.22965 | U52: 17.533974 | V52: 20.50051 | W52: 22.411248 | X52: 22.870623 | Y52: 20.74527 | Z52: 18.057269 | AA52: 13.786587 | AB52: 11.116332 | AC52: 9.6870935 | AD52: 10.955457 | AE52: 13.792835 | AF52: 16.075503 | AG52: 19.897984 | AH52: 21.42951 | AI52: 22.143139 | AJ52: 22.191552 | AK52: 21.116897 | AL52: 17.303961 | AM52: 15.21362 | AN52: 10.17709 | AO52: 9.3094839 | AP52: 10.405632 | AQ52: 13.097371 | AR52: 14.269993 | AS52: 16.960861 | AT52: 19.027033 | AU52: 22.871852 | AV52: 23.176135 | AW52: 21.74436 | AX52: 16.407648 | AY52: 13.309777 | AZ52: 9.0664258 | BA52: 7.7510581 | BB52: 9.6367571 | BC52: 11.779742 | BD52: 13.77047 | BE52: 16.615729 | BF52: 19.564583 | BG52: 21.752942 | BH52: 21.161365 | BI52: 20.602543 | BJ52: 18.556439 | BK52: 15.231767 | BL52: 10.387035 | BM52: 9.7637742 | BN52: 11.316879 | BO52: 12.460865 | BP52: 16.27437 | BQ52: 19.022906 | BR52: 21.254824 | BS52: 21.505226 | BT52: 21.996029 | BU52: 20.471857 | BV52: 17.816453 | BW52: 12.933297 | BX52: 10.409306 | BY52: 8.8987065 | BZ52: 9.6006214 | CA52: 13.682781 | CB52: 15.276683 | CC52: 19.746103 | CD52: 21.302393 | CE52: 21.706668 | CF52: 21.294726 | CG52: 20.149593 | CH52: 17.943219 | CI52: 15.76423 | CJ52: 10.374745 | CK52: 9.710771 | CL52: 10.174804 | CM52: 13.305403 | CN52: 16.074497 | CO52: 17.334184 | CP52: 20.786227 | CQ52: 22.427958 | CR52: 21.563235 | CS52: 21.048467 | CT52: 17.487023 | CU52: 14.244057 | CV52: 11.297632 | CW52: 10.233819 | CX52: 11.434143 | CY52: 14.316197 | CZ52: 15.331133 | DA52: 17.348206 | DB52: 21.036273 | DC52: 23.203748 | DD52: 22.491971 | DE52: 21.25438 | DF52: 18.454216 | DG52: 14.196197 | DH52: 11.04339 | DI52: 9.1979387 | DJ52: 10.622054 | DK52: 14.402955 | DL52: 16.282783 | DM52: 18.61961 | DN52: 20.53311 | DO52: 22.089519 | DP52: 21.874552 | DQ52: 20.81799 | DR52: 17.561822 | DS52: 13.803513 | DT52: 10.445284 | DU52: 9.1172129 | DV52: 11.549589 | DW52: 15.250994 | DX52: 15.352683 | DY52: 18.414774 | DZ52: 19.876907 | EA52: 22.790665 | EB52: 22.149226 | EC52: 19.804837 | ED52: 17.641 | EE52: 14.922893 | EF52: 11.260784 | EG52: 10.084774 | EH52: 11.052761 | EI52: 11.264903 | EJ52: 12.88399 | EK52: 18.488684 | EL52: 21.0904 | EM52: 23.484903 | EN52: 21.814345 | EO52: 19.916877 | EP52: 16.916419 | EQ52: 14.871697 | ER52: 10.619087 | ES52: 8.0311645 | ET52: 10.934982 | EU52: 14.513168 | EV52: 16.00608 | EW52: 18.001019 | EX52: 20.219423 | EY52: 22.062255 | EZ52: 21.544039 | FA52: 20.664593 | FB52: 16.747729 | FC52: 15.106817 | FD52: 10.334135 | FE52: 8.4034387 | FF52: 9.5896357 | FG52: 13.710761 | FH52: 15.017013 | FI52: 17.878984 | FJ52: 20.0025 | FK52: 22.14461 | FL52: 21.608039 | FM52: 19.521303 | FN52: 15.907419 | FO52: 13.44264 | FP52: 9.771071 | FQ52: 8.5570806 | FR52: 10.447896 | FS52: 13.320545 | FT52: 15.23015 | FU52: 18.405468 | FV52: 19.90632 | FW52: 21.673035 | FX52: 21.35221 | FY52: 21.07121 | FZ52: 16.669526 | GA52: 13.728863 | GB52: 9.6914935 | GC52: 9.2984903 | GD52: 11.151243 | GE52: 13.585748 | GF52: 14.93152 | GG52: 16.376855 | GH52: 19.964363 | GI52: 21.500052 | GJ52: 20.596045 | GK52: 19.88723 | GL52: 18.317394 | GM52: 14.316467 | GN52: 10.848474 | GO52: 8.5422458 | GP52: 10.016739 | GQ52: 11.254871 | GR52: 13.919233 | GS52: 15.61029 | GT52: 18.732167 | GU52: 21.699729 | GV52: 21.47399 | GW52: 20.960567 | GX52: 20.6442 | GY52: 14.518516 | GZ52: 10.726747 | HA52: 9.7105393 | HB52: 11.174116 | HC52: 12.316732 | HD52: 14.343601 | HE52: 17.9792 | HF52: 18.863433 | HG52: 21.352225 | HH52: 21.170672 | HI52: 19.861513 | HJ52: 17.965624 | HK52: 16.405759 | HL52: 13.696859 | HM52: 8.7990136 | HN52: 10.647742 | HO52: 13.117381 | HP52: 16.451431 | HQ52: 18.559261 | HR52: 19.278211 | HS52: 22.291762 | HT52: 20.192102 | HU52: 22.156375 | HV52: 17.586891 | HW52: 14.800961 | HX52: 10.90451 | HY52: 9.8132464 | HZ52: 11.405207 | IA52: 14.863013 | IB52: 15.653506 | IC52: 18.798911 | ID52: 19.990248 | IE52: 21.61003 | IF52: 21.013759 | IG52: 20.885375 | IH52: 19.872125 | II52: 16.553401 | IJ52: 13.993346
... A100: 12 | B100: North Suisun West | C100: DS Distribution | D100: % Population | E100: 0.067156702 | F100: 0.072805396 | G100: 0.067855502 | H100: 0.51212773 | I100: 0.12433706 | J100: 0.40005726 | K100: 0.68069414 | L100: 0.68069414 | M100: 0.031026731 | N100: 0.16084799 | O100: 0.05501566 | P100: 0.025933089 | Q100: 0.063256462 | R100: 0.059083251 | S100: 0.062056045 | T100: 0.012362822 | U100: 0.064764151 | V100: 0.14543582 | W100: 0.29138782 | X100: 0.29138782 | Y100: 0.18047118 | Z100: 0.073239185 | AA100: 1e-06 | AB100: 0.059040778 | AC100: 0.13287084 | AD100: 0.13807494 | AE100: 0.11336902 | AF100: 1.1170411e-06 | AG100: 9.7044621e-07 | AH100: 0.0081210057 | AI100: 0.24997273 | AJ100: 0.24997273 | AK100: 1e-06 | AL100: 0.0099297604 | AM100: 0.024974634 | AN100: 0.04638126 | AO100: 0.16162755 | AP100: 0.16179275 | AQ100: 0.15396917 | AR100: 0.36682403 | AS100: 0.045481963 | AT100: 0.28443393 | AU100: 0.69836224 | AV100: 0.69836224 | AW100: 0.49372735 | AX100: 0.49292755 | AY100: 0.42006979 | AZ100: 0.22950416 | BA100: 0.17427536 | BB100: 0.1592594 | BC100: 0.1550815 | BD100: 0.016683978 | BE100: 1.1216712e-06 | BF100: 0.0050373493 | BG100: 0.21204332 | BH100: 0.21204332 | BI100: 0.1556732 | BJ100: 0.05906735 | BK100: 0.011964721 | BL100: 0.011649793 | BM100: 0.011624749 | BN100: 0.0086328961 | BO100: 0.17427031 | BP100: 0.041926064 | BQ100: 9.9086126e-07 | BR100: 0.014813079 | BS100: 0.079113462 | BT100: 0.079113462 | BU100: 0.018298489 | BV100: 1e-06 | BW100: 0.021376282 | BX100: 0.012283317 | BY100: 0.009146927 | BZ100: 0.0094105504 | CA100: 0.2037407 | CB100: 0.15580994 | CC100: 9.6975328e-07 | CD100: 9.8900407e-07 | CE100: 1e-06 | CF100: 1e-06 | CG100: 0.074014294 | CH100: 0.019942729 | CI100: 1e-06 | CJ100: 7.2932562e-07 | CK100: 0.061351801 | CL100: 0.0072567641 | CM100: 0.0067428044 | CN100: 1.5212822e-06 | CO100: 8.9718862e-07 | CP100: 0.046628043 | CQ100: 0.046670446 | CR100: 0.046670446 | CS100: 0.084026206 | CT100: 1e-06 | CU100: 1e-06 | CV100: 0.19558523 | CW100: 0.17367843 | CX100: 0.08466019 | CY100: 0.065112678 | CZ100: 1.375804e-06 | DA100: 0.053276533 | DB100: 0.03234515 | DC100: 0.26958562 | DD100: 0.26958562 | DE100: 1e-06 | DF100: 0.0099006306 | DG100: 1e-06 | DH100: 7.4166555e-07 | DI100: 0.032305193 | DJ100: 7.6872616e-07 | DK100: 6.0109013e-07 | DL100: 9.8718694e-07 | DM100: 0.086695163 | DN100: 0.40139299 | DO100: 0.39612596 | DP100: 0.39612596 | DQ100: 0.19660536 | DR100: 1e-06 | DS100: 0.11304777 | DT100: 8.4747407e-07 | DU100: 0.037293461 | DV100: 9.0375548e-07 | DW100: 9.6007807e-07 | DX100: 1.0107175e-06 | DY100: 0.08876163 | DZ100: 0.40338822 | EA100: 0.39612596 | EB100: 0.39612596 | EC100: 0.19660536 | ED100: 1e-06 | EE100: 0.11304777 | EF100: 9.7833315e-07 | EG100: 0.015595416 | EH100: 9.4457485e-07 | EI100: 8.9080911e-07 | EJ100: 1.0140782e-06 | EK100: 0.047176935 | EL100: 0.55011345 | EM100: 0.3627346 | EN100: 0.3627346 | EO100: 0.084031146 | EP100: 0.30032435 | EQ100: 1e-06 | ER100: 9.901001e-07 | ES100: 9.8324607e-07 | ET100: 9.7839413e-07 | EU100: 0.040834649 | EV100: 9.9096505e-07 | EW100: 9.9096405e-07 | EX100: 9.9763401e-07 | EY100: 1e-06 | EZ100: 1e-06 | FA100: 0.46417513 | FB100: 0.19403005 | FC100: 1e-06 | FD100: 9.8324312e-07 | FE100: 0.028631875 | FF100: 7.4352703e-07 | FG100: 8.7198564e-07 | FH100: 1.0233046e-06 | FI100: 1.0185813e-06 | FJ100: 9.9830301e-07 | FK100: 0.14164231 | FL100: 0.14164231 | FM100: 1e-06 | FN100: 1e-06 | FO100: 0.079930039 | FP100: 9.9613004e-07 | FQ100: 9.9718402e-07 | FR100: 9.9330205e-07 | FS100: 9.1418634e-07 | FT100: 1.0133031e-06 | FU100: 9.9509801e-07 | FV100: 9.99075e-07 | FW100: 0.079059043 | FX100: 0.079059043 | FY100: 0.23164546 | FZ100: 1e-06 | GA100: 1e-06 | GB100: 0.10418095 | GC100: 0.00075429424 | GD100: 0.034305816 | GE100: 9.4631527e-07 | GF100: 1.0099511e-06 | GG100: 0.011304743 | GH100: 0.15591341 | GI100: 1e-06 | GJ100: 1e-06 | GK100: 0.15459747 | GL100: 1e-06 | GM100: 1e-06 | GN100: 0.31468253 | GO100: 0.0058539108 | GP100: 0.010057403 | GQ100: 0.029293978 | GR100: 0.17559017 | GS100: 0.23689459 | GT100: 0.23773298 | GU100: 0.72054728 | GV100: 0.72054728 | GW100: 0.074601126 | GX100: 0.1005242 | GY100: 0.02378214 | GZ100: 0.009466574 | HA100: 9.4749621e-07 | HB100: 9.7492708e-07 | HC100: 0.017562573 | HD100: 0.27810005 | HE100: 0.02011537 | HF100: 1.0081365e-06 | HG100: 0.16775936 | HH100: 0.16775936 | HI100: 0.16775936 | HJ100: 1e-06 | HK100: 1e-06 | HL100: 0.20603376 | HM100: 0.053226687 | HN100: 9.7364318e-07 | HO100: 1.0095517e-06 | HP100: 1.0041558e-06 | HQ100: 1.0066015e-06 | HR100: 9.99775e-07 | HS100: 1e-06 | HT100: 1e-06 | HU100: 0.45058086 | HV100: 1e-06 | HW100: 1e-06 | HX100: 0.14507874 | HY100: 9.6925418e-07 | HZ100: 9.9411503e-07 | IA100: 9.7896608e-07 | IB100: 1.0048818e-06 | IC100: 9.9593502e-07 | ID100: 9.99954e-07 | IE100: 1e-06 | IF100: 1e-06 | IG100: 0.14153393 | IH100: 1e-06 | II100: 1e-06 | IJ100: 0.1137246
F104: =F53/E53 -> 1.1196486 | G104: =G53/F53 -> 1.8707922 | H104: =H53/G53 -> 0.20832788 | I104: =I53/H53 -> 1.9756785 | J104: =J53/I53 -> 1.9521382 | K104: =K53/J53 -> 3.9793937 | L104: =L53/K53 -> 0.7966713 | M104: =M53/L53 -> 0.91976144 | ... IJ104: =IJ53/II53 -> 0.43951264
F105: =F54/E54 -> 1.2026208 | G105: =G54/F54 -> 1.5208389 | H105: =H54/G54 -> 0.15060039 | I105: =I54/H54 -> 0.89752129 | J105: =J54/I54 -> 1.0015749 | K105: =K54/J54 -> 10.263576 | L105: =L54/K54 -> 0.91037637 | M105: =M54/L54 -> 1.5685669 | ... IJ105: =IJ54/II54 -> 0.29203651
F106: =F55/E55 -> 1.3336422 | G106: =G55/F55 -> 2.4436846 | H106: =H55/G55 -> 0.3987906 | I106: =I55/H55 -> 1.1774386 | J106: =J55/I55 -> 1.1281177 | K106: =K55/J55 -> 3.6141694 | L106: =L55/K55 -> 0.80740181 | M106: =M55/L55 -> 1.6008747 | ... IJ106: =IJ55/II55 -> 0.27860163
F107: =F56/E56 -> 1.1689752 | G107: =G56/F56 -> 2.5654652 | H107: =H56/G56 -> 0.63459535 | I107: =I56/H56 -> 0.9864956 | J107: =J56/I56 -> 0.89618161 | K107: =K56/J56 -> 3.645364 | L107: =L56/K56 -> 0.89562102 | M107: =M56/L56 -> 2.0343798 | ... IJ107: =IJ56/II56 -> 0.25823521
F108: =F57/E57 -> 1.3581526 | G108: =G57/F57 -> 1.6497546 | H108: =H57/G57 -> 0.25950376 | I108: =I57/H57 -> 1.4525429 | J108: =J57/I57 -> 1.5332834 | K108: =K57/J57 -> 6.7986803 | L108: =L57/K57 -> 0.99399215 | M108: =M57/L57 -> 1.262054 | ... IJ108: =IJ57/II57 -> 0.48112518
F109: =F58/E58 -> 1.2683458 | G109: =G58/F58 -> 2.1007244 | H109: =H58/G58 -> 0.8748839 | I109: =I58/H58 -> 1.1411863 | J109: =J58/I58 -> 1.0356219 | K109: =K58/J58 -> 6.3636675 | L109: =L58/K58 -> 1.102653 | M109: =M58/L58 -> 0.84196885 | ... IJ109: =IJ58/II58 -> 0.34387847
F110: =F59/E59 -> 2.0040337 | G110: =G59/F59 -> 1.5797231 | H110: =H59/G59 -> 0.98448631 | I110: =I59/H59 -> 2.2492592 | J110: =J59/I59 -> 1.6222478 | K110: =K59/J59 -> 3.6807938 | L110: =L59/K59 -> 0.9507525 | M110: =M59/L59 -> 0.88369599 | ... IJ110: =IJ59/II59 -> 0.72374366
F111: =F60/E60 -> 1.4317308 | G111: =G60/F60 -> 1.7017018 | H111: =H60/G60 -> 0.79305537 | I111: =I60/H60 -> 2.1781653 | J111: =J60/I60 -> 1.9625608 | K111: =K60/J60 -> 2.865426 | L111: =L60/K60 -> 1.1391107 | M111: =M60/L60 -> 0.84687334 | ... IJ111: =IJ60/II60 -> 0.83819976
F112: =F61/E61 -> 1.4317308 | G112: =G61/F61 -> 1.777956 | H112: =H61/G61 -> 0.69044498 | I112: =I61/H61 -> 2.0372102 | J112: =J61/I61 -> 2.0860115 | K112: =K61/J61 -> 2.2506649 | L112: =L61/K61 -> 1.2933718 | M112: =M61/L61 -> 0.9491149 | ... IJ112: =IJ61/II61 -> 0.86380659
F113: =F62/E62 -> 2.2720301 | G113: =G62/F62 -> 2.2820681 | H113: =H62/G62 -> 0.51758418 | I113: =I62/H62 -> 1.6827289 | J113: =J62/I62 -> 2.3656163 | K113: =K62/J62 -> 4.1814878 | L113: =L62/K62 -> 1.1297455 | M113: =M62/L62 -> 0.781313 | ... IJ113: =IJ62/II62 -> 0.7295172
F114: =F63/E63 -> 0.34265593 | G114: =G63/F63 -> 4.3396498 | H114: =H63/G63 -> 1.0701693 | I114: =I63/H63 -> 1.6477594 | J114: =J63/I63 -> 0.94227377 | K114: =K63/J63 -> 1.3250398 | L114: =L63/K63 -> 1.0790354 | M114: =M63/L63 -> 1.2949248 | ... IJ114: =IJ63/II63 -> 0.88085572
F115: =F64/E64 -> 1.764659 | G115: =G64/F64 -> 2.0660965 | H115: =H64/G64 -> 1.0293196 | I115: =I64/H64 -> 2.1659618 | J115: =J64/I64 -> 1.9541135 | K115: =K64/J64 -> 1.6389892 | L115: =L64/K64 -> 0.93221737 | M115: =M64/L64 -> 1.0985832 | ... IJ115: =IJ64/II64 -> 0.70900659
F118: =MIN(F104:IJ115) -> 0.079483922
F119: =MAX(F104:IJ115) -> 24.992447
F121: =COUNTIF(F104:IJ115,">9.999") -> 35
F122: =COUNT(F104:IJ115) -> 2868

Sheet IBMR_Results_AWC
A1: IBMR model runs done by: Will Smith and Brian Crawford
A2: IBMR Version: Smith (2022)
A4: Population Growth rate = nAB(t+1)/nAB(t) (nAB=Number of Adult Breeders)
A5: Scenario name | B5: min base | C5: max base | D5: AWC Yolo | E5: AWC NDA | F5: AWC NDA Franks | G5: AWC Yolo - turbidity only | H5: AWC Yolo - prey only
A6: Action ID #: | D6: 8.1 | E6: 8.4 | F6: 8.5
A7: 1996 | B7: 2.5225519 | C7: 2.5712141 | D7: 2.5442399 | E7: 2.9449516 | F7: 3.2254506 | G7: 2.6662401 | H7: 2.5446859
A8: 1997 | B8: 0.9610708 | C8: 1.0143455 | D8: 0.99455537 | E8: 1.2242216 | F8: 1.5408096 | G8: 1.0394055 | H8: 0.99063151
A9: 1998 | B9: 1.2682797 | C9: 1.3181253 | D9: 1.3218256 | E9: 1.7315552 | F9: 1.9382347 | G9: 1.2736512 | H9: 1.2709618
A10: 1999 | B10: 2.4937261 | C10: 2.5361865 | D10: 2.4936807 | E10: 2.8231296 | F10: 3.2578606 | G10: 2.6388319 | H10: 2.4949523
A11: 2000 | B11: 1.7339666 | C11: 1.7937582 | D11: 1.760754 | E11: 2.1515309 | F11: 2.4487268 | G11: 1.6635119 | H11: 1.765475
A12: 2001 | B12: 0.72291745 | C12: 0.76473685 | D12: 0.75659548 | E12: 0.91468886 | F12: 1.1858306 | G12: 0.66095338 | H12: 0.73238122
A13: 2002 | B13: 0.81826722 | C13: 0.85889451 | D13: 0.84441385 | E13: 0.98057133 | F13: 1.3312484 | G13: 0.84439715 | H13: 0.86847746
A14: 2003 | B14: 1.2679657 | C14: 1.3066471 | D14: 1.327406 | E14: 1.5043875 | F14: 2.0755882 | G14: 1.3380193 | H14: 1.287613
A15: 2004 | B15: 0.58007115 | C15: 0.60417101 | D15: 0.62314014 | E15: 0.71377765 | F15: 0.81638872 | G15: 0.61345063 | H15: 0.60178007
A16: 2005 | B16: 0.63541045 | C16: 0.64878258 | D16: 0.65948513 | E16: 0.85747591 | F16: 0.89130699 | G16: 0.65631155 | H16: 0.64119905
A17: 2006 | B17: 0.99273425 | C17: 1.0295866 | D17: 1.0379872 | E17: 1.2702172 | F17: 1.3477039 | G17: 1.0136507 | H17: 1.0048118
A18: 2007 | B18: 0.64718407 | C18: 0.66712295 | D18: 0.67947173 | E18: 0.80901621 | F18: 0.88364058 | G18: 0.67029526 | H18: 0.6619101
... A25: 2014 | B25: 0.53021179 | C25: 0.54890056 | D25: 0.61085364 | E25: 0.81152562 | F25: 0.96285526 | G25: 0.58311131 | H25: 0.54010311
A27: 95 to 2015 | B27: 0.97979828 | C27: 0.98673173 | D27: 1.0399862 | E27: 1.2803983 | F27: 1.4697971 | G27: 1.0049663 | H27: 0.99006078
A28: 07 to 2015 | B28: 0.79574087 | C28: 0.80292293 | D28: 0.89079387 | E28: 1.1349875 | F28: 1.2536209 | G28: 0.83338079 | H28: 0.80960283
A29: 05 to 2015 | B29: 0.79642161 | C29: 0.80513632 | D29: 0.87773108 | E29: 1.1160993 | F29: 1.2203802 | G29: 0.82980228 | H29: 0.80821215
A30: 95 to 2006 | B30: 1.1390939 | C30: 1.1466296 | D30: 1.163957 | E30: 1.3977218 | F30: 1.6500818 | G30: 1.1515547 | H30: 1.1460884
A31: wet | B31: 1.1814946 | C31: 1.191134 | D31: 1.2205138 | E31: 1.4607789 | F31: 1.6868148 | G31: 1.1865263 | H31: 1.1870053
A32: dry | B32: 0.86013592 | C32: 0.87499191 | D32: 0.93434004 | E32: 1.1692898 | F32: 1.3956456 | G32: 0.89768087 | H32: 0.88273508
A33: 00-2014 | B33: 0.80373381 | C33: 0.81223317 | D33: 0.87048003 | E33: 1.0787167 | F33: 1.236816 | G33: 0.82776595 | H33: 0.8165787

Sheet IBMR Inputs_8.1_AWC_Yolo
A1: Model inputs in this spreadsheet are: "AWC Yolo" - Aquatic weed control in Yolo/Cache (Portfolio #2b and #2c)
A2: Action #: | C2: 8.1
A3: Short Name: | C3: AWC Yolo
A4: Inputs developed by: | C4: Brian Crawford (Compass), and Delta Smelt SDM Demo Project
A5: Inputs reviewed by: | C5: Methods discussed at May 20, 2022 TWG Meeting, Shawn Acuna reviewed spreadsheet on Jun 1, 2022
A6: Last updated: | C6: 44705
A7: Note on input terms: | C7: "NA" = no change from baseline values in model; [#] = change the value in the IBMR input data to this value for that data-year-month-strata combination
A8: Inputs modified for this model run: | C8: Prey and turbidity for Yolo/Cache subregion.
A9: Notes on input methods: | C9: This model run simulates removal of invasive submerged and floating aquatic vegetation in the targeted subregion(s). Methodological details are provided on the sheets "AWC effects_food" and "AWC effects_turbidity" in this workbook.
A11: Inputs for X2 and OMR Flows
E13: Variable: X2 | Q13: Variable: OMR Flows (cfs)
E14: Model Month | Q14: Model Month
C15: Model Year Jan. 1 to Dec. 31 | D15: Water Year Type (SVI) Oct 1 to Sept 30 | E15: J | F15: F | G15: M | H15: A | I15: M | J15: J | K15: J | L15: A | M15: S | N15: O | O15: N | P15: D | Q15: J | R15: F | S15: M | T15: A | U15: M | V15: J | W15: J | X15: A | Y15: S | Z15: O | AA15: N | AB15: D
C16: 1995 | D16: W | E16: NA | F16: NA | G16: NA | H16: NA | I16: NA | J16: NA | K16: NA | L16: NA | M16: NA | N16: NA | O16: NA | P16: NA | Q16: NA | R16: NA | S16: NA | T16: NA | U16: NA | V16: NA | W16: NA | X16: NA | Y16: NA | Z16: NA | AA16: NA | AB16: NA
C17: 1996 | D17: W | E17: NA | F17: NA | G17: NA | H17: NA | I17: NA | J17: NA | K17: NA | L17: NA | M17: NA | N17: NA | O17: NA | P17: NA | Q17: NA | R17: NA | S17: NA | T17: NA | U17: NA | V17: NA | W17: NA | X17: NA | Y17: NA | Z17: NA | AA17: NA | AB17: NA
C18: 1997 | D18: W | E18: NA | F18: NA | G18: NA | H18: NA | I18: NA | J18: NA | K18: NA | L18: NA | M18: NA | N18: NA | O18: NA | P18: NA | Q18: NA | R18: NA | S18: NA | T18: NA | U18: NA | V18: NA | W18: NA | X18: NA | Y18: NA | Z18: NA | AA18: NA | AB18: NA
C19: 1998 | D19: W | E19: NA | F19: NA | G19: NA | H19: NA | I19: NA | J19: NA | K19: NA | L19: NA | M19: NA | N19: NA | O19: NA | P19: NA | Q19: NA | R19: NA | S19: NA | T19: NA | U19: NA | V19: NA | W19: NA | X19: NA | Y19: NA | Z19: NA | AA19: NA | AB19: NA
C20: 1999 | D20: W | E20: NA | F20: NA | G20: NA | H20: NA | I20: NA | J20: NA | K20: NA | L20: NA | M20: NA | N20: NA | O20: NA | P20: NA | Q20: NA | R20: NA | S20: NA | T20: NA | U20: NA | V20: NA | W20: NA | X20: NA | Y20: NA | Z20: NA | AA20: NA | AB20: NA
C21: 2000 | D21: W | E21: NA | F21: NA | G21: NA | H21: NA | I21: NA | J21: NA | K21: NA | L21: NA | M21: NA | N21: NA | O21: NA | P21: NA | Q21: NA | R21: NA | S21: NA | T21: NA | U21: NA | V21: NA | W21: NA | X21: NA | Y21: NA | Z21: NA | AA21: NA | AB21: NA
C22: 2001 | D22: D | E22: NA | F22: NA | G22: NA | H22: NA | I22: NA | J22: NA | K22: NA | L22: NA | M22: NA | N22: NA | O22: NA | P22: NA | Q22: NA | R22: NA | S22: NA | T22: NA | U22: NA | V22: NA | W22: NA | X22: NA | Y22: NA | Z22: NA | AA22: NA | AB22: NA
C23: 2002 | D23: D | E23: NA | F23: NA | G23: NA | H23: NA | I23: NA | J23: NA | K23: NA | L23: NA | M23: NA | N23: NA | O23: NA | P23: NA | Q23: NA | R23: NA | S23: NA | T23: NA | U23: NA | V23: NA | W23: NA | X23: NA | Y23: NA | Z23: NA | AA23: NA | AB23: NA
C24: 2003 | D24: AN | E24: NA | F24: NA | G24: NA | H24: NA | I24: NA | J24: NA | K24: NA | L24: NA | M24: NA | N24: NA | O24: NA | P24: NA | Q24: NA | R24: NA | S24: NA | T24: NA | U24: NA | V24: NA | W24: NA | X24: NA | Y24: NA | Z24: NA | AA24: NA | AB24: NA
C25: 2004 | D25: BN | E25: NA | F25: NA | G25: NA | H25: NA | I25: NA | J25: NA | K25: NA | L25: NA | M25: NA | N25: NA | O25: NA | P25: NA | Q25: NA | R25: NA | S25: NA | T25: NA | U25: NA | V25: NA | W25: NA | X25: NA | Y25: NA | Z25: NA | AA25: NA | AB25: NA
C26: 2005 | D26: BN | E26: NA | F26: NA | G26: NA | H26: NA | I26: NA | J26: NA | K26: NA | L26: NA | M26: NA | N26: NA | O26: NA | P26: NA | Q26: NA | R26: NA | S26: NA | T26: NA | U26: NA | V26: NA | W26: NA | X26: NA | Y26: NA | Z26: NA | AA26: NA | AB26: NA
C27: 2006 | D27: W | E27: NA | F27: NA | G27: NA | H27: NA | I27: NA | J27: NA | K27: NA | L27: NA | M27: NA | N27: NA | O27: NA | P27: NA | Q27: NA | R27: NA | S27: NA | T27: NA | U27: NA | V27: NA | W27: NA | X27: NA | Y27: NA | Z27: NA | AA27: NA | AB27: NA
... C35: 2014 | D35: C | E35: NA | F35: NA | G35: NA | H35: NA | I35: NA | J35: NA | K35: NA | L35: NA | M35: NA | N35: NA | O35: NA | P35: NA | Q35: NA | R35: NA | S35: NA | T35: NA | U35: NA | V35: NA | W35: NA | X35: NA | Y35: NA | Z35: NA | AA35: NA | AB35: NA
A37: Inputs for Temperature, Prey (Zooplankton), Turbidity, Salinity, Delta Smelt Distribution
E38: Year | Q38: Year | AC38: Year | AO38: Year | BA38: Year | BM38: Year | BY38: Year | CK38: Year | CW38: Year | DI38: Year | DU38: Year | EG38: Year | ES38: Year | FE38: Year | FQ38: Year | GC38: Year | GO38: Year | HA38: Year | HM38: Year | HY38: Year | IK38: Year
E39: 1 | Q39: =E39+1 -> 2 | AC39: =Q39+1 -> 3 | AO39: =AC39+1 -> 4 | BA39: =AO39+1 -> 5 | BM39: =BA39+1 -> 6 | BY39: =BM39+1 -> 7 | CK39: =BY39+1 -> 8 | CW39: =CK39+1 -> 9 | DI39: =CW39+1 -> 10 | DU39: =DI39+1 -> 11 | EG39: =DU39+1 -> 12 | ES39: =EG39+1 -> 13 | FE39: =ES39+1 -> 14 | FQ39: =FE39+1 -> 15 | GC39: =FQ39+1 -> 16 | GO39: =GC39+1 -> 17 | HA39: =GO39+1 -> 18 | HM39: =HA39+1 -> 19 | HY39: =HM39+1 -> 20 | IK39: =HY39+1 -> 21
E40: Wet Year (SVI: 12.4, Wet; SJVI: 5.5, Wet) | N40: Wet Year (SVI: 9.7, Wet; SJVI: 3.9, Wet) | Z40: Wet Year (SVI: 11.0, Wet; SJVI: 4.2, Wet) | AL40: Wet Year (SVI: 12.4, Wet, SJVI: 4.9 Wet) | AX40: Wet Year (SVI: 10.0, Wet; SJVI:3.4, AN) | BJ40: Wet/AN Year (SVI: 9.2, Wet; SJVI: 3.4, Above Normal) | BV40: Dry Year (SVI: 5.9, Dry, SJVI: 2.3, Dry) | CH40: Dry Year (SVI: 6.5, Dry; SJVI: 2.3, Dry) | CT40: Above Normal/Below Normal (SVI: 8.0, AN; SJVI: 2.7, BN) | DF40: Below Normal/Dry Year (SVI: 7.7, BN; SJVI: 2.2, Dry) | DR40: Below Normal / Wet Year (SVI: 7.4, BN: SJVI, 4.2, Wet) | ED40: Wet Year (SVI: 13.0, Wet; SJVI: 5.5, Wet) | EP40: Dry / Critical Year (SVI: 6.2, Dry; SJVI: 1.9, Critical) | FB40: Critical Year (SVI: 5.4, Critical; SJVI: 2.1, Critical) | FN40: Dry Year (SVI: 5.5, Dry; SJVI: 2.4, Dry) | FZ40: Below Normal / Above Normal Year (SVI: 6.9, BN; SJVI: 3.5, AN) | GL40: Wet Year (SVI: 10.0, Wet; SJVI: 5.1, Wet) | GX40: Below Normal / Dry Year (SVI: 6.9, BN; SJVI: 2.2, Dry) | HJ40: Dry / Critical Year (SVI: 5.8, Dry; SJVI: 1.6, Critical) | HV40: Critical Year (SVI: 4.0, Critical; SJVI: 1.1, Critical) | IH40: Critical Year (SVI: 4.0, Critical; SJVI: 0.7, Critical)
E41: 1995 | F41: 1995 | G41: 1995 | H41: 1995 | I41: 1995 | J41: 1995 | K41: 1995 | L41: 1995 | M41: 1995 | N41: 1995 | O41: 1995 | P41: 1995 | Q41: =E41+1 -> 1996 | R41: =F41+1 -> 1996 | S41: =G41+1 -> 1996 | T41: =H41+1 -> 1996 | U41: =I41+1 -> 1996 | V41: =J41+1 -> 1996 | W41: =K41+1 -> 1996 | X41: =L41+1 -> 1996 | ... IK41: =HY41+1 -> 2015
A42: Strata # | B42: Strata Name | C42: Variable | D42: Metric | E42: J | F42: F | G42: M | H42: A | I42: M | J42: J | K42: J | L42: A | M42: S | N42: O | O42: N | P42: D | Q42: J | R42: F | S42: M | T42: A | U42: M | V42: J | W42: J | X42: A | Y42: S | Z42: O | AA42: N | AB42: D | AC42: J | AD42: F | AE42: M | AF42: A | AG42: M | AH42: J | AI42: J | AJ42: A | AK42: S | AL42: O | AM42: N | AN42: D | AO42: J | AP42: F | AQ42: M | AR42: A | AS42: M | AT42: J | AU42: J | AV42: A | AW42: S | AX42: O | AY42: N | AZ42: D | BA42: J | BB42: F | BC42: M | BD42: A | BE42: M | BF42: J | BG42: J | BH42: A | BI42: S | BJ42: O | BK42: N | BL42: D | BM42: J | BN42: F | BO42: M | BP42: A | BQ42: M | BR42: J | BS42: J | BT42: A | BU42: S | BV42: O | BW42: N | BX42: D | BY42: J | BZ42: F | CA42: M | CB42: A | CC42: M | CD42: J | CE42: J | CF42: A | CG42: S | CH42: O | CI42: N | CJ42: D | CK42: J | CL42: F | CM42: M | CN42: A | CO42: M | CP42: J | CQ42: J | CR42: A | CS42: S | CT42: O | CU42: N | CV42: D | CW42: J | CX42: F | CY42: M | CZ42: A | DA42: M | DB42: J | DC42: J | DD42: A | DE42: S | DF42: O | DG42: N | DH42: D | DI42: J | DJ42: F | DK42: M | DL42: A | DM42: M | DN42: J | DO42: J | DP42: A | DQ42: S | DR42: O | DS42: N | DT42: D | DU42: J | DV42: F | DW42: M | DX42: A | DY42: M | DZ42: J | EA42: J | EB42: A | EC42: S | ED42: O | EE42: N | EF42: D | EG42: J | EH42: F | EI42: M | EJ42: A | EK42: M | EL42: J | EM42: J | EN42: A | EO42: S | EP42: O | EQ42: N | ER42: D | ES42: J | ET42: F | EU42: M | EV42: A | EW42: M | EX42: J | EY42: J | EZ42: A | FA42: S | FB42: O | FC42: N | FD42: D | FE42: J | FF42: F | FG42: M | FH42: A | FI42: M | FJ42: J | FK42: J | FL42: A | FM42: S | FN42: O | FO42: N | FP42: D | FQ42: J | FR42: F | FS42: M | FT42: A | FU42: M | FV42: J | FW42: J | FX42: A | FY42: S | FZ42: O | GA42: N | GB42: D | GC42: J | GD42: F | GE42: M | GF42: A | GG42: M | GH42: J | GI42: J | GJ42: A | GK42: S | GL42: O | GM42: N | GN42: D | GO42: J | GP42: F | GQ42: M | GR42: A | GS42: M | GT42: J | GU42: J | GV42: A | GW42: S | GX42: O | GY42: N | GZ42: D | HA42: J | HB42: F | HC42: M | HD42: A | HE42: M | HF42: J | HG42: J | HH42: A | HI42: S | HJ42: O | HK42: N | HL42: D | HM42: J | HN42: F | HO42: M | HP42: A | HQ42: M | HR42: J | HS42: J | HT42: A | HU42: S | HV42: O | HW42: N | HX42: D | HY42: J | HZ42: F | IA42: M | IB42: A | IC42: M | ID42: J | IE42: J | IF42: A | IG42: S | IH42: O | II42: N | IJ42: D | IK42: J | IL42: F | IM42: M | IN42: A | IO42: M | IP42: J | IQ42: J | IR42: A | IS42: S | IT42: O | IU42: N | IV42: D
A43: 1 | B43: Yolo Bypass | C43: Temperature | D43: Degrees Celsius | E43: NA | F43: NA | G43: NA | H43: NA | I43: NA | J43: NA | K43: NA | L43: NA | M43: NA | N43: NA | O43: NA | P43: NA | Q43: NA | R43: NA | S43: NA | T43: NA | U43: NA | V43: NA | W43: NA | X43: NA | Y43: NA | Z43: NA | AA43: NA | AB43: NA | AC43: NA | AD43: NA | AE43: NA | AF43: NA | AG43: NA | AH43: NA | AI43: NA | AJ43: NA | AK43: NA | AL43: NA | AM43: NA | AN43: NA | AO43: NA | AP43: NA | AQ43: NA | AR43: NA | AS43: NA | AT43: NA | AU43: NA | AV43: NA | AW43: NA | AX43: NA | AY43: NA | AZ43: NA | BA43: NA | BB43: NA | BC43: NA | BD43: NA | BE43: NA | BF43: NA | BG43: NA | BH43: NA | BI43: NA | BJ43: NA | BK43: NA | BL43: NA | BM43: NA | BN43: NA | BO43: NA | BP43: NA | BQ43: NA | BR43: NA | BS43: NA | BT43: NA | BU43: NA | BV43: NA | BW43: NA | BX43: NA | BY43: NA | BZ43: NA | CA43: NA | CB43: NA | CC43: NA | CD43: NA | CE43: NA | CF43: NA | CG43: NA | CH43: NA | CI43: NA | CJ43: NA | CK43: NA | CL43: NA | CM43: NA | CN43: NA | CO43: NA | CP43: NA | CQ43: NA | CR43: NA | CS43: NA | CT43: NA | CU43: NA | CV43: NA | CW43: NA | CX43: NA | CY43: NA | CZ43: NA | DA43: NA | DB43: NA | DC43: NA | DD43: NA | DE43: NA | DF43: NA | DG43: NA | DH43: NA | DI43: NA | DJ43: NA | DK43: NA | DL43: NA | DM43: NA | DN43: NA | DO43: NA | DP43: NA | DQ43: NA | DR43: NA | DS43: NA | DT43: NA | DU43: NA | DV43: NA | DW43: NA | DX43: NA | DY43: NA | DZ43: NA | EA43: NA | EB43: NA | EC43: NA | ED43: NA | EE43: NA | EF43: NA | EG43: NA | EH43: NA | EI43: NA | EJ43: NA | EK43: NA | EL43: NA | EM43: NA | EN43: NA | EO43: NA | EP43: NA | EQ43: NA | ER43: NA | ES43: NA | ET43: NA | EU43: NA | EV43: NA | EW43: NA | EX43: NA | EY43: NA | EZ43: NA | FA43: NA | FB43: NA | FC43: NA | FD43: NA | FE43: NA | FF43: NA | FG43: NA | FH43: NA | FI43: NA | FJ43: NA | FK43: NA | FL43: NA | FM43: NA | FN43: NA | FO43: NA | FP43: NA | FQ43: NA | FR43: NA | FS43: NA | FT43: NA | FU43: NA | FV43: NA | FW43: NA | FX43: NA | FY43: NA | FZ43: NA | GA43: NA | GB43: NA | GC43: NA | GD43: NA | GE43: NA | GF43: NA | GG43: NA | GH43: NA | GI43: NA | GJ43: NA | GK43: NA | GL43: NA | GM43: NA | GN43: NA | GO43: NA | GP43: NA | GQ43: NA | GR43: NA | GS43: NA | GT43: NA | GU43: NA | GV43: NA | GW43: NA | GX43: NA | GY43: NA | GZ43: NA | HA43: NA | HB43: NA | HC43: NA | HD43: NA | HE43: NA | HF43: NA | HG43: NA | HH43: NA | HI43: NA | HJ43: NA | HK43: NA | HL43: NA | HM43: NA | HN43: NA | HO43: NA | HP43: NA | HQ43: NA | HR43: NA | HS43: NA | HT43: NA | HU43: NA | HV43: NA | HW43: NA | HX43: NA | HY43: NA | HZ43: NA | IA43: NA | IB43: NA | IC43: NA | ID43: NA | IE43: NA | IF43: NA | IG43: NA | IH43: NA | II43: NA | IJ43: NA | IK43: NA | IL43: NA | IM43: NA | IN43: NA | IO43: NA | IP43: NA | IQ43: NA | IR43: NA | IS43: NA | IT43: NA | IU43: NA | IV43: NA
A44: 2 | B44: Upper Sacramento | C44: Temperature | D44: Degrees Celsius | E44: NA | F44: NA | G44: NA | H44: NA | I44: NA | J44: NA | K44: NA | L44: NA | M44: NA | N44: NA | O44: NA | P44: NA | Q44: NA | R44: NA | S44: NA | T44: NA | U44: NA | V44: NA | W44: NA | X44: NA | Y44: NA | Z44: NA | AA44: NA | AB44: NA | AC44: NA | AD44: NA | AE44: NA | AF44: NA | AG44: NA | AH44: NA | AI44: NA | AJ44: NA | AK44: NA | AL44: NA | AM44: NA | AN44: NA | AO44: NA | AP44: NA | AQ44: NA | AR44: NA | AS44: NA | AT44: NA | AU44: NA | AV44: NA | AW44: NA | AX44: NA | AY44: NA | AZ44: NA | BA44: NA | BB44: NA | BC44: NA | BD44: NA | BE44: NA | BF44: NA | BG44: NA | BH44: NA | BI44: NA | BJ44: NA | BK44: NA | BL44: NA | BM44: NA | BN44: NA | BO44: NA | BP44: NA | BQ44: NA | BR44: NA | BS44: NA | BT44: NA | BU44: NA | BV44: NA | BW44: NA | BX44: NA | BY44: NA | BZ44: NA | CA44: NA | CB44: NA | CC44: NA | CD44: NA | CE44: NA | CF44: NA | CG44: NA | CH44: NA | CI44: NA | CJ44: NA | CK44: NA | CL44: NA | CM44: NA | CN44: NA | CO44: NA | CP44: NA | CQ44: NA | CR44: NA | CS44: NA | CT44: NA | CU44: NA | CV44: NA | CW44: NA | CX44: NA | CY44: NA | CZ44: NA | DA44: NA | DB44: NA | DC44: NA | DD44: NA | DE44: NA | DF44: NA | DG44: NA | DH44: NA | DI44: NA | DJ44: NA | DK44: NA | DL44: NA | DM44: NA | DN44: NA | DO44: NA | DP44: NA | DQ44: NA | DR44: NA | DS44: NA | DT44: NA | DU44: NA | DV44: NA | DW44: NA | DX44: NA | DY44: NA | DZ44: NA | EA44: NA | EB44: NA | EC44: NA | ED44: NA | EE44: NA | EF44: NA | EG44: NA | EH44: NA | EI44: NA | EJ44: NA | EK44: NA | EL44: NA | EM44: NA | EN44: NA | EO44: NA | EP44: NA | EQ44: NA | ER44: NA | ES44: NA | ET44: NA | EU44: NA | EV44: NA | EW44: NA | EX44: NA | EY44: NA | EZ44: NA | FA44: NA | FB44: NA | FC44: NA | FD44: NA | FE44: NA | FF44: NA | FG44: NA | FH44: NA | FI44: NA | FJ44: NA | FK44: NA | FL44: NA | FM44: NA | FN44: NA | FO44: NA | FP44: NA | FQ44: NA | FR44: NA | FS44: NA | FT44: NA | FU44: NA | FV44: NA | FW44: NA | FX44: NA | FY44: NA | FZ44: NA | GA44: NA | GB44: NA | GC44: NA | GD44: NA | GE44: NA | GF44: NA | GG44: NA | GH44: NA | GI44: NA | GJ44: NA | GK44: NA | GL44: NA | GM44: NA | GN44: NA | GO44: NA | GP44: NA | GQ44: NA | GR44: NA | GS44: NA | GT44: NA | GU44: NA | GV44: NA | GW44: NA | GX44: NA | GY44: NA | GZ44: NA | HA44: NA | HB44: NA | HC44: NA | HD44: NA | HE44: NA | HF44: NA | HG44: NA | HH44: NA | HI44: NA | HJ44: NA | HK44: NA | HL44: NA | HM44: NA | HN44: NA | HO44: NA | HP44: NA | HQ44: NA | HR44: NA | HS44: NA | HT44: NA | HU44: NA | HV44: NA | HW44: NA | HX44: NA | HY44: NA | HZ44: NA | IA44: NA | IB44: NA | IC44: NA | ID44: NA | IE44: NA | IF44: NA | IG44: NA | IH44: NA | II44: NA | IJ44: NA | IK44: NA | IL44: NA | IM44: NA | IN44: NA | IO44: NA | IP44: NA | IQ44: NA | IR44: NA | IS44: NA | IT44: NA | IU44: NA | IV44: NA
A45: 3 | B45: South Delta | C45: Temperature | D45: Degrees Celsius | E45: NA | F45: NA | G45: NA | H45: NA | I45: NA | J45: NA | K45: NA | L45: NA | M45: NA | N45: NA | O45: NA | P45: NA | Q45: NA | R45: NA | S45: NA | T45: NA | U45: NA | V45: NA | W45: NA | X45: NA | Y45: NA | Z45: NA | AA45: NA | AB45: NA | AC45: NA | AD45: NA | AE45: NA | AF45: NA | AG45: NA | AH45: NA | AI45: NA | AJ45: NA | AK45: NA | AL45: NA | AM45: NA | AN45: NA | AO45: NA | AP45: NA | AQ45: NA | AR45: NA | AS45: NA | AT45: NA | AU45: NA | AV45: NA | AW45: NA | AX45: NA | AY45: NA | AZ45: NA | BA45: NA | BB45: NA | BC45: NA | BD45: NA | BE45: NA | BF45: NA | BG45: NA | BH45: NA | BI45: NA | BJ45: NA | BK45: NA | BL45: NA | BM45: NA | BN45: NA | BO45: NA | BP45: NA | BQ45: NA | BR45: NA | BS45: NA | BT45: NA | BU45: NA | BV45: NA | BW45: NA | BX45: NA | BY45: NA | BZ45: NA | CA45: NA | CB45: NA | CC45: NA | CD45: NA | CE45: NA | CF45: NA | CG45: NA | CH45: NA | CI45: NA | CJ45: NA | CK45: NA | CL45: NA | CM45: NA | CN45: NA | CO45: NA | CP45: NA | CQ45: NA | CR45: NA | CS45: NA | CT45: NA | CU45: NA | CV45: NA | CW45: NA | CX45: NA | CY45: NA | CZ45: NA | DA45: NA | DB45: NA | DC45: NA | DD45: NA | DE45: NA | DF45: NA | DG45: NA | DH45: NA | DI45: NA | DJ45: NA | DK45: NA | DL45: NA | DM45: NA | DN45: NA | DO45: NA | DP45: NA | DQ45: NA | DR45: NA | DS45: NA | DT45: NA | DU45: NA | DV45: NA | DW45: NA | DX45: NA | DY45: NA | DZ45: NA | EA45: NA | EB45: NA | EC45: NA | ED45: NA | EE45: NA | EF45: NA | EG45: NA | EH45: NA | EI45: NA | EJ45: NA | EK45: NA | EL45: NA | EM45: NA | EN45: NA | EO45: NA | EP45: NA | EQ45: NA | ER45: NA | ES45: NA | ET45: NA | EU45: NA | EV45: NA | EW45: NA | EX45: NA | EY45: NA | EZ45: NA | FA45: NA | FB45: NA | FC45: NA | FD45: NA | FE45: NA | FF45: NA | FG45: NA | FH45: NA | FI45: NA | FJ45: NA | FK45: NA | FL45: NA | FM45: NA | FN45: NA | FO45: NA | FP45: NA | FQ45: NA | FR45: NA | FS45: NA | FT45: NA | FU45: NA | FV45: NA | FW45: NA | FX45: NA | FY45: NA | FZ45: NA | GA45: NA | GB45: NA | GC45: NA | GD45: NA | GE45: NA | GF45: NA | GG45: NA | GH45: NA | GI45: NA | GJ45: NA | GK45: NA | GL45: NA | GM45: NA | GN45: NA | GO45: NA | GP45: NA | GQ45: NA | GR45: NA | GS45: NA | GT45: NA | GU45: NA | GV45: NA | GW45: NA | GX45: NA | GY45: NA | GZ45: NA | HA45: NA | HB45: NA | HC45: NA | HD45: NA | HE45: NA | HF45: NA | HG45: NA | HH45: NA | HI45: NA | HJ45: NA | HK45: NA | HL45: NA | HM45: NA | HN45: NA | HO45: NA | HP45: NA | HQ45: NA | HR45: NA | HS45: NA | HT45: NA | HU45: NA | HV45: NA | HW45: NA | HX45: NA | HY45: NA | HZ45: NA | IA45: NA | IB45: NA | IC45: NA | ID45: NA | IE45: NA | IF45: NA | IG45: NA | IH45: NA | II45: NA | IJ45: NA | IK45: NA | IL45: NA | IM45: NA | IN45: NA | IO45: NA | IP45: NA | IQ45: NA | IR45: NA | IS45: NA | IT45: NA | IU45: NA | IV45: NA
A46: 4 | B46: East Delta | C46: Temperature | D46: Degrees Celsius | E46: NA | F46: NA | G46: NA | H46: NA | I46: NA | J46: NA | K46: NA | L46: NA | M46: NA | N46: NA | O46: NA | P46: NA | Q46: NA | R46: NA | S46: NA | T46: NA | U46: NA | V46: NA | W46: NA | X46: NA | Y46: NA | Z46: NA | AA46: NA | AB46: NA | AC46: NA | AD46: NA | AE46: NA | AF46: NA | AG46: NA | AH46: NA | AI46: NA | AJ46: NA | AK46: NA | AL46: NA | AM46: NA | AN46: NA | AO46: NA | AP46: NA | AQ46: NA | AR46: NA | AS46: NA | AT46: NA | AU46: NA | AV46: NA | AW46: NA | AX46: NA | AY46: NA | AZ46: NA | BA46: NA | BB46: NA | BC46: NA | BD46: NA | BE46: NA | BF46: NA | BG46: NA | BH46: NA | BI46: NA | BJ46: NA | BK46: NA | BL46: NA | BM46: NA | BN46: NA | BO46: NA | BP46: NA | BQ46: NA | BR46: NA | BS46: NA | BT46: NA | BU46: NA | BV46: NA | BW46: NA | BX46: NA | BY46: NA | BZ46: NA | CA46: NA | CB46: NA | CC46: NA | CD46: NA | CE46: NA | CF46: NA | CG46: NA | CH46: NA | CI46: NA | CJ46: NA | CK46: NA | CL46: NA | CM46: NA | CN46: NA | CO46: NA | CP46: NA | CQ46: NA | CR46: NA | CS46: NA | CT46: NA | CU46: NA | CV46: NA | CW46: NA | CX46: NA | CY46: NA | CZ46: NA | DA46: NA | DB46: NA | DC46: NA | DD46: NA | DE46: NA | DF46: NA | DG46: NA | DH46: NA | DI46: NA | DJ46: NA | DK46: NA | DL46: NA | DM46: NA | DN46: NA | DO46: NA | DP46: NA | DQ46: NA | DR46: NA | DS46: NA | DT46: NA | DU46: NA | DV46: NA | DW46: NA | DX46: NA | DY46: NA | DZ46: NA | EA46: NA | EB46: NA | EC46: NA | ED46: NA | EE46: NA | EF46: NA | EG46: NA | EH46: NA | EI46: NA | EJ46: NA | EK46: NA | EL46: NA | EM46: NA | EN46: NA | EO46: NA | EP46: NA | EQ46: NA | ER46: NA | ES46: NA | ET46: NA | EU46: NA | EV46: NA | EW46: NA | EX46: NA | EY46: NA | EZ46: NA | FA46: NA | FB46: NA | FC46: NA | FD46: NA | FE46: NA | FF46: NA | FG46: NA | FH46: NA | FI46: NA | FJ46: NA | FK46: NA | FL46: NA | FM46: NA | FN46: NA | FO46: NA | FP46: NA | FQ46: NA | FR46: NA | FS46: NA | FT46: NA | FU46: NA | FV46: NA | FW46: NA | FX46: NA | FY46: NA | FZ46: NA | GA46: NA | GB46: NA | GC46: NA | GD46: NA | GE46: NA | GF46: NA | GG46: NA | GH46: NA | GI46: NA | GJ46: NA | GK46: NA | GL46: NA | GM46: NA | GN46: NA | GO46: NA | GP46: NA | GQ46: NA | GR46: NA | GS46: NA | GT46: NA | GU46: NA | GV46: NA | GW46: NA | GX46: NA | GY46: NA | GZ46: NA | HA46: NA | HB46: NA | HC46: NA | HD46: NA | HE46: NA | HF46: NA | HG46: NA | HH46: NA | HI46: NA | HJ46: NA | HK46: NA | HL46: NA | HM46: NA | HN46: NA | HO46: NA | HP46: NA | HQ46: NA | HR46: NA | HS46: NA | HT46: NA | HU46: NA | HV46: NA | HW46: NA | HX46: NA | HY46: NA | HZ46: NA | IA46: NA | IB46: NA | IC46: NA | ID46: NA | IE46: NA | IF46: NA | IG46: NA | IH46: NA | II46: NA | IJ46: NA | IK46: NA | IL46: NA | IM46: NA | IN46: NA | IO46: NA | IP46: NA | IQ46: NA | IR46: NA | IS46: NA | IT46: NA | IU46: NA | IV46: NA
A47: 5 | B47: Lower Sacramento | C47: Temperature | D47: Degrees Celsius | E47: NA | F47: NA | G47: NA | H47: NA | I47: NA | J47: NA | K47: NA | L47: NA | M47: NA | N47: NA | O47: NA | P47: NA | Q47: NA | R47: NA | S47: NA | T47: NA | U47: NA | V47: NA | W47: NA | X47: NA | Y47: NA | Z47: NA | AA47: NA | AB47: NA | AC47: NA | AD47: NA | AE47: NA | AF47: NA | AG47: NA | AH47: NA | AI47: NA | AJ47: NA | AK47: NA | AL47: NA | AM47: NA | AN47: NA | AO47: NA | AP47: NA | AQ47: NA | AR47: NA | AS47: NA | AT47: NA | AU47: NA | AV47: NA | AW47: NA | AX47: NA | AY47: NA | AZ47: NA | BA47: NA | BB47: NA | BC47: NA | BD47: NA | BE47: NA | BF47: NA | BG47: NA | BH47: NA | BI47: NA | BJ47: NA | BK47: NA | BL47: NA | BM47: NA | BN47: NA | BO47: NA | BP47: NA | BQ47: NA | BR47: NA | BS47: NA | BT47: NA | BU47: NA | BV47: NA | BW47: NA | BX47: NA | BY47: NA | BZ47: NA | CA47: NA | CB47: NA | CC47: NA | CD47: NA | CE47: NA | CF47: NA | CG47: NA | CH47: NA | CI47: NA | CJ47: NA | CK47: NA | CL47: NA | CM47: NA | CN47: NA | CO47: NA | CP47: NA | CQ47: NA | CR47: NA | CS47: NA | CT47: NA | CU47: NA | CV47: NA | CW47: NA | CX47: NA | CY47: NA | CZ47: NA | DA47: NA | DB47: NA | DC47: NA | DD47: NA | DE47: NA | DF47: NA | DG47: NA | DH47: NA | DI47: NA | DJ47: NA | DK47: NA | DL47: NA | DM47: NA | DN47: NA | DO47: NA | DP47: NA | DQ47: NA | DR47: NA | DS47: NA | DT47: NA | DU47: NA | DV47: NA | DW47: NA | DX47: NA | DY47: NA | DZ47: NA | EA47: NA | EB47: NA | EC47: NA | ED47: NA | EE47: NA | EF47: NA | EG47: NA | EH47: NA | EI47: NA | EJ47: NA | EK47: NA | EL47: NA | EM47: NA | EN47: NA | EO47: NA | EP47: NA | EQ47: NA | ER47: NA | ES47: NA | ET47: NA | EU47: NA | EV47: NA | EW47: NA | EX47: NA | EY47: NA | EZ47: NA | FA47: NA | FB47: NA | FC47: NA | FD47: NA | FE47: NA | FF47: NA | FG47: NA | FH47: NA | FI47: NA | FJ47: NA | FK47: NA | FL47: NA | FM47: NA | FN47: NA | FO47: NA | FP47: NA | FQ47: NA | FR47: NA | FS47: NA | FT47: NA | FU47: NA | FV47: NA | FW47: NA | FX47: NA | FY47: NA | FZ47: NA | GA47: NA | GB47: NA | GC47: NA | GD47: NA | GE47: NA | GF47: NA | GG47: NA | GH47: NA | GI47: NA | GJ47: NA | GK47: NA | GL47: NA | GM47: NA | GN47: NA | GO47: NA | GP47: NA | GQ47: NA | GR47: NA | GS47: NA | GT47: NA | GU47: NA | GV47: NA | GW47: NA | GX47: NA | GY47: NA | GZ47: NA | HA47: NA | HB47: NA | HC47: NA | HD47: NA | HE47: NA | HF47: NA | HG47: NA | HH47: NA | HI47: NA | HJ47: NA | HK47: NA | HL47: NA | HM47: NA | HN47: NA | HO47: NA | HP47: NA | HQ47: NA | HR47: NA | HS47: NA | HT47: NA | HU47: NA | HV47: NA | HW47: NA | HX47: NA | HY47: NA | HZ47: NA | IA47: NA | IB47: NA | IC47: NA | ID47: NA | IE47: NA | IF47: NA | IG47: NA | IH47: NA | II47: NA | IJ47: NA | IK47: NA | IL47: NA | IM47: NA | IN47: NA | IO47: NA | IP47: NA | IQ47: NA | IR47: NA | IS47: NA | IT47: NA | IU47: NA | IV47: NA
A48: 6 | B48: Lower San Joaquin | C48: Temperature | D48: Degrees Celsius | E48: NA | F48: NA | G48: NA | H48: NA | I48: NA | J48: NA | K48: NA | L48: NA | M48: NA | N48: NA | O48: NA | P48: NA | Q48: NA | R48: NA | S48: NA | T48: NA | U48: NA | V48: NA | W48: NA | X48: NA | Y48: NA | Z48: NA | AA48: NA | AB48: NA | AC48: NA | AD48: NA | AE48: NA | AF48: NA | AG48: NA | AH48: NA | AI48: NA | AJ48: NA | AK48: NA | AL48: NA | AM48: NA | AN48: NA | AO48: NA | AP48: NA | AQ48: NA | AR48: NA | AS48: NA | AT48: NA | AU48: NA | AV48: NA | AW48: NA | AX48: NA | AY48: NA | AZ48: NA | BA48: NA | BB48: NA | BC48: NA | BD48: NA | BE48: NA | BF48: NA | BG48: NA | BH48: NA | BI48: NA | BJ48: NA | BK48: NA | BL48: NA | BM48: NA | BN48: NA | BO48: NA | BP48: NA | BQ48: NA | BR48: NA | BS48: NA | BT48: NA | BU48: NA | BV48: NA | BW48: NA | BX48: NA | BY48: NA | BZ48: NA | CA48: NA | CB48: NA | CC48: NA | CD48: NA | CE48: NA | CF48: NA | CG48: NA | CH48: NA | CI48: NA | CJ48: NA | CK48: NA | CL48: NA | CM48: NA | CN48: NA | CO48: NA | CP48: NA | CQ48: NA | CR48: NA | CS48: NA | CT48: NA | CU48: NA | CV48: NA | CW48: NA | CX48: NA | CY48: NA | CZ48: NA | DA48: NA | DB48: NA | DC48: NA | DD48: NA | DE48: NA | DF48: NA | DG48: NA | DH48: NA | DI48: NA | DJ48: NA | DK48: NA | DL48: NA | DM48: NA | DN48: NA | DO48: NA | DP48: NA | DQ48: NA | DR48: NA | DS48: NA | DT48: NA | DU48: NA | DV48: NA | DW48: NA | DX48: NA | DY48: NA | DZ48: NA | EA48: NA | EB48: NA | EC48: NA | ED48: NA | EE48: NA | EF48: NA | EG48: NA | EH48: NA | EI48: NA | EJ48: NA | EK48: NA | EL48: NA | EM48: NA | EN48: NA | EO48: NA | EP48: NA | EQ48: NA | ER48: NA | ES48: NA | ET48: NA | EU48: NA | EV48: NA | EW48: NA | EX48: NA | EY48: NA | EZ48: NA | FA48: NA | FB48: NA | FC48: NA | FD48: NA | FE48: NA | FF48: NA | FG48: NA | FH48: NA | FI48: NA | FJ48: NA | FK48: NA | FL48: NA | FM48: NA | FN48: NA | FO48: NA | FP48: NA | FQ48: NA | FR48: NA | FS48: NA | FT48: NA | FU48: NA | FV48: NA | FW48: NA | FX48: NA | FY48: NA | FZ48: NA | GA48: NA | GB48: NA | GC48: NA | GD48: NA | GE48: NA | GF48: NA | GG48: NA | GH48: NA | GI48: NA | GJ48: NA | GK48: NA | GL48: NA | GM48: NA | GN48: NA | GO48: NA | GP48: NA | GQ48: NA | GR48: NA | GS48: NA | GT48: NA | GU48: NA | GV48: NA | GW48: NA | GX48: NA | GY48: NA | GZ48: NA | HA48: NA | HB48: NA | HC48: NA | HD48: NA | HE48: NA | HF48: NA | HG48: NA | HH48: NA | HI48: NA | HJ48: NA | HK48: NA | HL48: NA | HM48: NA | HN48: NA | HO48: NA | HP48: NA | HQ48: NA | HR48: NA | HS48: NA | HT48: NA | HU48: NA | HV48: NA | HW48: NA | HX48: NA | HY48: NA | HZ48: NA | IA48: NA | IB48: NA | IC48: NA | ID48: NA | IE48: NA | IF48: NA | IG48: NA | IH48: NA | II48: NA | IJ48: NA | IK48: NA | IL48: NA | IM48: NA | IN48: NA | IO48: NA | IP48: NA | IQ48: NA | IR48: NA | IS48: NA | IT48: NA | IU48: NA | IV48: NA
A49: 7 | B49: Confluence | C49: Temperature | D49: Degrees Celsius | E49: NA | F49: NA | G49: NA | H49: NA | I49: NA | J49: NA | K49: NA | L49: NA | M49: NA | N49: NA | O49: NA | P49: NA | Q49: NA | R49: NA | S49: NA | T49: NA | U49: NA | V49: NA | W49: NA | X49: NA | Y49: NA | Z49: NA | AA49: NA | AB49: NA | AC49: NA | AD49: NA | AE49: NA | AF49: NA | AG49: NA | AH49: NA | AI49: NA | AJ49: NA | AK49: NA | AL49: NA | AM49: NA | AN49: NA | AO49: NA | AP49: NA | AQ49: NA | AR49: NA | AS49: NA | AT49: NA | AU49: NA | AV49: NA | AW49: NA | AX49: NA | AY49: NA | AZ49: NA | BA49: NA | BB49: NA | BC49: NA | BD49: NA | BE49: NA | BF49: NA | BG49: NA | BH49: NA | BI49: NA | BJ49: NA | BK49: NA | BL49: NA | BM49: NA | BN49: NA | BO49: NA | BP49: NA | BQ49: NA | BR49: NA | BS49: NA | BT49: NA | BU49: NA | BV49: NA | BW49: NA | BX49: NA | BY49: NA | BZ49: NA | CA49: NA | CB49: NA | CC49: NA | CD49: NA | CE49: NA | CF49: NA | CG49: NA | CH49: NA | CI49: NA | CJ49: NA | CK49: NA | CL49: NA | CM49: NA | CN49: NA | CO49: NA | CP49: NA | CQ49: NA | CR49: NA | CS49: NA | CT49: NA | CU49: NA | CV49: NA | CW49: NA | CX49: NA | CY49: NA | CZ49: NA | DA49: NA | DB49: NA | DC49: NA | DD49: NA | DE49: NA | DF49: NA | DG49: NA | DH49: NA | DI49: NA | DJ49: NA | DK49: NA | DL49: NA | DM49: NA | DN49: NA | DO49: NA | DP49: NA | DQ49: NA | DR49: NA | DS49: NA | DT49: NA | DU49: NA | DV49: NA | DW49: NA | DX49: NA | DY49: NA | DZ49: NA | EA49: NA | EB49: NA | EC49: NA | ED49: NA | EE49: NA | EF49: NA | EG49: NA | EH49: NA | EI49: NA | EJ49: NA | EK49: NA | EL49: NA | EM49: NA | EN49: NA | EO49: NA | EP49: NA | EQ49: NA | ER49: NA | ES49: NA | ET49: NA | EU49: NA | EV49: NA | EW49: NA | EX49: NA | EY49: NA | EZ49: NA | FA49: NA | FB49: NA | FC49: NA | FD49: NA | FE49: NA | FF49: NA | FG49: NA | FH49: NA | FI49: NA | FJ49: NA | FK49: NA | FL49: NA | FM49: NA | FN49: NA | FO49: NA | FP49: NA | FQ49: NA | FR49: NA | FS49: NA | FT49: NA | FU49: NA | FV49: NA | FW49: NA | FX49: NA | FY49: NA | FZ49: NA | GA49: NA | GB49: NA | GC49: NA | GD49: NA | GE49: NA | GF49: NA | GG49: NA | GH49: NA | GI49: NA | GJ49: NA | GK49: NA | GL49: NA | GM49: NA | GN49: NA | GO49: NA | GP49: NA | GQ49: NA | GR49: NA | GS49: NA | GT49: NA | GU49: NA | GV49: NA | GW49: NA | GX49: NA | GY49: NA | GZ49: NA | HA49: NA | HB49: NA | HC49: NA | HD49: NA | HE49: NA | HF49: NA | HG49: NA | HH49: NA | HI49: NA | HJ49: NA | HK49: NA | HL49: NA | HM49: NA | HN49: NA | HO49: NA | HP49: NA | HQ49: NA | HR49: NA | HS49: NA | HT49: NA | HU49: NA | HV49: NA | HW49: NA | HX49: NA | HY49: NA | HZ49: NA | IA49: NA | IB49: NA | IC49: NA | ID49: NA | IE49: NA | IF49: NA | IG49: NA | IH49: NA | II49: NA | IJ49: NA | IK49: NA | IL49: NA | IM49: NA | IN49: NA | IO49: NA | IP49: NA | IQ49: NA | IR49: NA | IS49: NA | IT49: NA | IU49: NA | IV49: NA
A50: 8 | B50: South Suisun East | C50: Temperature | D50: Degrees Celsius | E50: NA | F50: NA | G50: NA | H50: NA | I50: NA | J50: NA | K50: NA | L50: NA | M50: NA | N50: NA | O50: NA | P50: NA | Q50: NA | R50: NA | S50: NA | T50: NA | U50: NA | V50: NA | W50: NA | X50: NA | Y50: NA | Z50: NA | AA50: NA | AB50: NA | AC50: NA | AD50: NA | AE50: NA | AF50: NA | AG50: NA | AH50: NA | AI50: NA | AJ50: NA | AK50: NA | AL50: NA | AM50: NA | AN50: NA | AO50: NA | AP50: NA | AQ50: NA | AR50: NA | AS50: NA | AT50: NA | AU50: NA | AV50: NA | AW50: NA | AX50: NA | AY50: NA | AZ50: NA | BA50: NA | BB50: NA | BC50: NA | BD50: NA | BE50: NA | BF50: NA | BG50: NA | BH50: NA | BI50: NA | BJ50: NA | BK50: NA | BL50: NA | BM50: NA | BN50: NA | BO50: NA | BP50: NA | BQ50: NA | BR50: NA | BS50: NA | BT50: NA | BU50: NA | BV50: NA | BW50: NA | BX50: NA | BY50: NA | BZ50: NA | CA50: NA | CB50: NA | CC50: NA | CD50: NA | CE50: NA | CF50: NA | CG50: NA | CH50: NA | CI50: NA | CJ50: NA | CK50: NA | CL50: NA | CM50: NA | CN50: NA | CO50: NA | CP50: NA | CQ50: NA | CR50: NA | CS50: NA | CT50: NA | CU50: NA | CV50: NA | CW50: NA | CX50: NA | CY50: NA | CZ50: NA | DA50: NA | DB50: NA | DC50: NA | DD50: NA | DE50: NA | DF50: NA | DG50: NA | DH50: NA | DI50: NA | DJ50: NA | DK50: NA | DL50: NA | DM50: NA | DN50: NA | DO50: NA | DP50: NA | DQ50: NA | DR50: NA | DS50: NA | DT50: NA | DU50: NA | DV50: NA | DW50: NA | DX50: NA | DY50: NA | DZ50: NA | EA50: NA | EB50: NA | EC50: NA | ED50: NA | EE50: NA | EF50: NA | EG50: NA | EH50: NA | EI50: NA | EJ50: NA | EK50: NA | EL50: NA | EM50: NA | EN50: NA | EO50: NA | EP50: NA | EQ50: NA | ER50: NA | ES50: NA | ET50: NA | EU50: NA | EV50: NA | EW50: NA | EX50: NA | EY50: NA | EZ50: NA | FA50: NA | FB50: NA | FC50: NA | FD50: NA | FE50: NA | FF50: NA | FG50: NA | FH50: NA | FI50: NA | FJ50: NA | FK50: NA | FL50: NA | FM50: NA | FN50: NA | FO50: NA | FP50: NA | FQ50: NA | FR50: NA | FS50: NA | FT50: NA | FU50: NA | FV50: NA | FW50: NA | FX50: NA | FY50: NA | FZ50: NA | GA50: NA | GB50: NA | GC50: NA | GD50: NA | GE50: NA | GF50: NA | GG50: NA | GH50: NA | GI50: NA | GJ50: NA | GK50: NA | GL50: NA | GM50: NA | GN50: NA | GO50: NA | GP50: NA | GQ50: NA | GR50: NA | GS50: NA | GT50: NA | GU50: NA | GV50: NA | GW50: NA | GX50: NA | GY50: NA | GZ50: NA | HA50: NA | HB50: NA | HC50: NA | HD50: NA | HE50: NA | HF50: NA | HG50: NA | HH50: NA | HI50: NA | HJ50: NA | HK50: NA | HL50: NA | HM50: NA | HN50: NA | HO50: NA | HP50: NA | HQ50: NA | HR50: NA | HS50: NA | HT50: NA | HU50: NA | HV50: NA | HW50: NA | HX50: NA | HY50: NA | HZ50: NA | IA50: NA | IB50: NA | IC50: NA | ID50: NA | IE50: NA | IF50: NA | IG50: NA | IH50: NA | II50: NA | IJ50: NA | IK50: NA | IL50: NA | IM50: NA | IN50: NA | IO50: NA | IP50: NA | IQ50: NA | IR50: NA | IS50: NA | IT50: NA | IU50: NA | IV50: NA
A51: 9 | B51: North Suisun East | C51: Temperature | D51: Degrees Celsius | E51: NA | F51: NA | G51: NA | H51: NA | I51: NA | J51: NA | K51: NA | L51: NA | M51: NA | N51: NA | O51: NA | P51: NA | Q51: NA | R51: NA | S51: NA | T51: NA | U51: NA | V51: NA | W51: NA | X51: NA | Y51: NA | Z51: NA | AA51: NA | AB51: NA | AC51: NA | AD51: NA | AE51: NA | AF51: NA | AG51: NA | AH51: NA | AI51: NA | AJ51: NA | AK51: NA | AL51: NA | AM51: NA | AN51: NA | AO51: NA | AP51: NA | AQ51: NA | AR51: NA | AS51: NA | AT51: NA | AU51: NA | AV51: NA | AW51: NA | AX51: NA | AY51: NA | AZ51: NA | BA51: NA | BB51: NA | BC51: NA | BD51: NA | BE51: NA | BF51: NA | BG51: NA | BH51: NA | BI51: NA | BJ51: NA | BK51: NA | BL51: NA | BM51: NA | BN51: NA | BO51: NA | BP51: NA | BQ51: NA | BR51: NA | BS51: NA | BT51: NA | BU51: NA | BV51: NA | BW51: NA | BX51: NA | BY51: NA | BZ51: NA | CA51: NA | CB51: NA | CC51: NA | CD51: NA | CE51: NA | CF51: NA | CG51: NA | CH51: NA | CI51: NA | CJ51: NA | CK51: NA | CL51: NA | CM51: NA | CN51: NA | CO51: NA | CP51: NA | CQ51: NA | CR51: NA | CS51: NA | CT51: NA | CU51: NA | CV51: NA | CW51: NA | CX51: NA | CY51: NA | CZ51: NA | DA51: NA | DB51: NA | DC51: NA | DD51: NA | DE51: NA | DF51: NA | DG51: NA | DH51: NA | DI51: NA | DJ51: NA | DK51: NA | DL51: NA | DM51: NA | DN51: NA | DO51: NA | DP51: NA | DQ51: NA | DR51: NA | DS51: NA | DT51: NA | DU51: NA | DV51: NA | DW51: NA | DX51: NA | DY51: NA | DZ51: NA | EA51: NA | EB51: NA | EC51: NA | ED51: NA | EE51: NA | EF51: NA | EG51: NA | EH51: NA | EI51: NA | EJ51: NA | EK51: NA | EL51: NA | EM51: NA | EN51: NA | EO51: NA | EP51: NA | EQ51: NA | ER51: NA | ES51: NA | ET51: NA | EU51: NA | EV51: NA | EW51: NA | EX51: NA | EY51: NA | EZ51: NA | FA51: NA | FB51: NA | FC51: NA | FD51: NA | FE51: NA | FF51: NA | FG51: NA | FH51: NA | FI51: NA | FJ51: NA | FK51: NA | FL51: NA | FM51: NA | FN51: NA | FO51: NA | FP51: NA | FQ51: NA | FR51: NA | FS51: NA | FT51: NA | FU51: NA | FV51: NA | FW51: NA | FX51: NA | FY51: NA | FZ51: NA | GA51: NA | GB51: NA | GC51: NA | GD51: NA | GE51: NA | GF51: NA | GG51: NA | GH51: NA | GI51: NA | GJ51: NA | GK51: NA | GL51: NA | GM51: NA | GN51: NA | GO51: NA | GP51: NA | GQ51: NA | GR51: NA | GS51: NA | GT51: NA | GU51: NA | GV51: NA | GW51: NA | GX51: NA | GY51: NA | GZ51: NA | HA51: NA | HB51: NA | HC51: NA | HD51: NA | HE51: NA | HF51: NA | HG51: NA | HH51: NA | HI51: NA | HJ51: NA | HK51: NA | HL51: NA | HM51: NA | HN51: NA | HO51: NA | HP51: NA | HQ51: NA | HR51: NA | HS51: NA | HT51: NA | HU51: NA | HV51: NA | HW51: NA | HX51: NA | HY51: NA | HZ51: NA | IA51: NA | IB51: NA | IC51: NA | ID51: NA | IE51: NA | IF51: NA | IG51: NA | IH51: NA | II51: NA | IJ51: NA | IK51: NA | IL51: NA | IM51: NA | IN51: NA | IO51: NA | IP51: NA | IQ51: NA | IR51: NA | IS51: NA | IT51: NA | IU51: NA | IV51: NA
A52: 10 | B52: Suisun Marsh | C52: Temperature | D52: Degrees Celsius | E52: NA | F52: NA | G52: NA | H52: NA | I52: NA | J52: NA | K52: NA | L52: NA | M52: NA | N52: NA | O52: NA | P52: NA | Q52: NA | R52: NA | S52: NA | T52: NA | U52: NA | V52: NA | W52: NA | X52: NA | Y52: NA | Z52: NA | AA52: NA | AB52: NA | AC52: NA | AD52: NA | AE52: NA | AF52: NA | AG52: NA | AH52: NA | AI52: NA | AJ52: NA | AK52: NA | AL52: NA | AM52: NA | AN52: NA | AO52: NA | AP52: NA | AQ52: NA | AR52: NA | AS52: NA | AT52: NA | AU52: NA | AV52: NA | AW52: NA | AX52: NA | AY52: NA | AZ52: NA | BA52: NA | BB52: NA | BC52: NA | BD52: NA | BE52: NA | BF52: NA | BG52: NA | BH52: NA | BI52: NA | BJ52: NA | BK52: NA | BL52: NA | BM52: NA | BN52: NA | BO52: NA | BP52: NA | BQ52: NA | BR52: NA | BS52: NA | BT52: NA | BU52: NA | BV52: NA | BW52: NA | BX52: NA | BY52: NA | BZ52: NA | CA52: NA | CB52: NA | CC52: NA | CD52: NA | CE52: NA | CF52: NA | CG52: NA | CH52: NA | CI52: NA | CJ52: NA | CK52: NA | CL52: NA | CM52: NA | CN52: NA | CO52: NA | CP52: NA | CQ52: NA | CR52: NA | CS52: NA | CT52: NA | CU52: NA | CV52: NA | CW52: NA | CX52: NA | CY52: NA | CZ52: NA | DA52: NA | DB52: NA | DC52: NA | DD52: NA | DE52: NA | DF52: NA | DG52: NA | DH52: NA | DI52: NA | DJ52: NA | DK52: NA | DL52: NA | DM52: NA | DN52: NA | DO52: NA | DP52: NA | DQ52: NA | DR52: NA | DS52: NA | DT52: NA | DU52: NA | DV52: NA | DW52: NA | DX52: NA | DY52: NA | DZ52: NA | EA52: NA | EB52: NA | EC52: NA | ED52: NA | EE52: NA | EF52: NA | EG52: NA | EH52: NA | EI52: NA | EJ52: NA | EK52: NA | EL52: NA | EM52: NA | EN52: NA | EO52: NA | EP52: NA | EQ52: NA | ER52: NA | ES52: NA | ET52: NA | EU52: NA | EV52: NA | EW52: NA | EX52: NA | EY52: NA | EZ52: NA | FA52: NA | FB52: NA | FC52: NA | FD52: NA | FE52: NA | FF52: NA | FG52: NA | FH52: NA | FI52: NA | FJ52: NA | FK52: NA | FL52: NA | FM52: NA | FN52: NA | FO52: NA | FP52: NA | FQ52: NA | FR52: NA | FS52: NA | FT52: NA | FU52: NA | FV52: NA | FW52: NA | FX52: NA | FY52: NA | FZ52: NA | GA52: NA | GB52: NA | GC52: NA | GD52: NA | GE52: NA | GF52: NA | GG52: NA | GH52: NA | GI52: NA | GJ52: NA | GK52: NA | GL52: NA | GM52: NA | GN52: NA | GO52: NA | GP52: NA | GQ52: NA | GR52: NA | GS52: NA | GT52: NA | GU52: NA | GV52: NA | GW52: NA | GX52: NA | GY52: NA | GZ52: NA | HA52: NA | HB52: NA | HC52: NA | HD52: NA | HE52: NA | HF52: NA | HG52: NA | HH52: NA | HI52: NA | HJ52: NA | HK52: NA | HL52: NA | HM52: NA | HN52: NA | HO52: NA | HP52: NA | HQ52: NA | HR52: NA | HS52: NA | HT52: NA | HU52: NA | HV52: NA | HW52: NA | HX52: NA | HY52: NA | HZ52: NA | IA52: NA | IB52: NA | IC52: NA | ID52: NA | IE52: NA | IF52: NA | IG52: NA | IH52: NA | II52: NA | IJ52: NA | IK52: NA | IL52: NA | IM52: NA | IN52: NA | IO52: NA | IP52: NA | IQ52: NA | IR52: NA | IS52: NA | IT52: NA | IU52: NA | IV52: NA
A53: 11 | B53: South Susuin West | C53: Temperature | D53: Degrees Celsius | E53: NA | F53: NA | G53: NA | H53: NA | I53: NA | J53: NA | K53: NA | L53: NA | M53: NA | N53: NA | O53: NA | P53: NA | Q53: NA | R53: NA | S53: NA | T53: NA | U53: NA | V53: NA | W53: NA | X53: NA | Y53: NA | Z53: NA | AA53: NA | AB53: NA | AC53: NA | AD53: NA | AE53: NA | AF53: NA | AG53: NA | AH53: NA | AI53: NA | AJ53: NA | AK53: NA | AL53: NA | AM53: NA | AN53: NA | AO53: NA | AP53: NA | AQ53: NA | AR53: NA | AS53: NA | AT53: NA | AU53: NA | AV53: NA | AW53: NA | AX53: NA | AY53: NA | AZ53: NA | BA53: NA | BB53: NA | BC53: NA | BD53: NA | BE53: NA | BF53: NA | BG53: NA | BH53: NA | BI53: NA | BJ53: NA | BK53: NA | BL53: NA | BM53: NA | BN53: NA | BO53: NA | BP53: NA | BQ53: NA | BR53: NA | BS53: NA | BT53: NA | BU53: NA | BV53: NA | BW53: NA | BX53: NA | BY53: NA | BZ53: NA | CA53: NA | CB53: NA | CC53: NA | CD53: NA | CE53: NA | CF53: NA | CG53: NA | CH53: NA | CI53: NA | CJ53: NA | CK53: NA | CL53: NA | CM53: NA | CN53: NA | CO53: NA | CP53: NA | CQ53: NA | CR53: NA | CS53: NA | CT53: NA | CU53: NA | CV53: NA | CW53: NA | CX53: NA | CY53: NA | CZ53: NA | DA53: NA | DB53: NA | DC53: NA | DD53: NA | DE53: NA | DF53: NA | DG53: NA | DH53: NA | DI53: NA | DJ53: NA | DK53: NA | DL53: NA | DM53: NA | DN53: NA | DO53: NA | DP53: NA | DQ53: NA | DR53: NA | DS53: NA | DT53: NA | DU53: NA | DV53: NA | DW53: NA | DX53: NA | DY53: NA | DZ53: NA | EA53: NA | EB53: NA | EC53: NA | ED53: NA | EE53: NA | EF53: NA | EG53: NA | EH53: NA | EI53: NA | EJ53: NA | EK53: NA | EL53: NA | EM53: NA | EN53: NA | EO53: NA | EP53: NA | EQ53: NA | ER53: NA | ES53: NA | ET53: NA | EU53: NA | EV53: NA | EW53: NA | EX53: NA | EY53: NA | EZ53: NA | FA53: NA | FB53: NA | FC53: NA | FD53: NA | FE53: NA | FF53: NA | FG53: NA | FH53: NA | FI53: NA | FJ53: NA | FK53: NA | FL53: NA | FM53: NA | FN53: NA | FO53: NA | FP53: NA | FQ53: NA | FR53: NA | FS53: NA | FT53: NA | FU53: NA | FV53: NA | FW53: NA | FX53: NA | FY53: NA | FZ53: NA | GA53: NA | GB53: NA | GC53: NA | GD53: NA | GE53: NA | GF53: NA | GG53: NA | GH53: NA | GI53: NA | GJ53: NA | GK53: NA | GL53: NA | GM53: NA | GN53: NA | GO53: NA | GP53: NA | GQ53: NA | GR53: NA | GS53: NA | GT53: NA | GU53: NA | GV53: NA | GW53: NA | GX53: NA | GY53: NA | GZ53: NA | HA53: NA | HB53: NA | HC53: NA | HD53: NA | HE53: NA | HF53: NA | HG53: NA | HH53: NA | HI53: NA | HJ53: NA | HK53: NA | HL53: NA | HM53: NA | HN53: NA | HO53: NA | HP53: NA | HQ53: NA | HR53: NA | HS53: NA | HT53: NA | HU53: NA | HV53: NA | HW53: NA | HX53: NA | HY53: NA | HZ53: NA | IA53: NA | IB53: NA | IC53: NA | ID53: NA | IE53: NA | IF53: NA | IG53: NA | IH53: NA | II53: NA | IJ53: NA | IK53: NA | IL53: NA | IM53: NA | IN53: NA | IO53: NA | IP53: NA | IQ53: NA | IR53: NA | IS53: NA | IT53: NA | IU53: NA | IV53: NA
A54: 12 | B54: North Suisun West | C54: Temperature | D54: Degrees Celsius | E54: NA | F54: NA | G54: NA | H54: NA | I54: NA | J54: NA | K54: NA | L54: NA | M54: NA | N54: NA | O54: NA | P54: NA | Q54: NA | R54: NA | S54: NA | T54: NA | U54: NA | V54: NA | W54: NA | X54: NA | Y54: NA | Z54: NA | AA54: NA | AB54: NA | AC54: NA | AD54: NA | AE54: NA | AF54: NA | AG54: NA | AH54: NA | AI54: NA | AJ54: NA | AK54: NA | AL54: NA | AM54: NA | AN54: NA | AO54: NA | AP54: NA | AQ54: NA | AR54: NA | AS54: NA | AT54: NA | AU54: NA | AV54: NA | AW54: NA | AX54: NA | AY54: NA | AZ54: NA | BA54: NA | BB54: NA | BC54: NA | BD54: NA | BE54: NA | BF54: NA | BG54: NA | BH54: NA | BI54: NA | BJ54: NA | BK54: NA | BL54: NA | BM54: NA | BN54: NA | BO54: NA | BP54: NA | BQ54: NA | BR54: NA | BS54: NA | BT54: NA | BU54: NA | BV54: NA | BW54: NA | BX54: NA | BY54: NA | BZ54: NA | CA54: NA | CB54: NA | CC54: NA | CD54: NA | CE54: NA | CF54: NA | CG54: NA | CH54: NA | CI54: NA | CJ54: NA | CK54: NA | CL54: NA | CM54: NA | CN54: NA | CO54: NA | CP54: NA | CQ54: NA | CR54: NA | CS54: NA | CT54: NA | CU54: NA | CV54: NA | CW54: NA | CX54: NA | CY54: NA | CZ54: NA | DA54: NA | DB54: NA | DC54: NA | DD54: NA | DE54: NA | DF54: NA | DG54: NA | DH54: NA | DI54: NA | DJ54: NA | DK54: NA | DL54: NA | DM54: NA | DN54: NA | DO54: NA | DP54: NA | DQ54: NA | DR54: NA | DS54: NA | DT54: NA | DU54: NA | DV54: NA | DW54: NA | DX54: NA | DY54: NA | DZ54: NA | EA54: NA | EB54: NA | EC54: NA | ED54: NA | EE54: NA | EF54: NA | EG54: NA | EH54: NA | EI54: NA | EJ54: NA | EK54: NA | EL54: NA | EM54: NA | EN54: NA | EO54: NA | EP54: NA | EQ54: NA | ER54: NA | ES54: NA | ET54: NA | EU54: NA | EV54: NA | EW54: NA | EX54: NA | EY54: NA | EZ54: NA | FA54: NA | FB54: NA | FC54: NA | FD54: NA | FE54: NA | FF54: NA | FG54: NA | FH54: NA | FI54: NA | FJ54: NA | FK54: NA | FL54: NA | FM54: NA | FN54: NA | FO54: NA | FP54: NA | FQ54: NA | FR54: NA | FS54: NA | FT54: NA | FU54: NA | FV54: NA | FW54: NA | FX54: NA | FY54: NA | FZ54: NA | GA54: NA | GB54: NA | GC54: NA | GD54: NA | GE54: NA | GF54: NA | GG54: NA | GH54: NA | GI54: NA | GJ54: NA | GK54: NA | GL54: NA | GM54: NA | GN54: NA | GO54: NA | GP54: NA | GQ54: NA | GR54: NA | GS54: NA | GT54: NA | GU54: NA | GV54: NA | GW54: NA | GX54: NA | GY54: NA | GZ54: NA | HA54: NA | HB54: NA | HC54: NA | HD54: NA | HE54: NA | HF54: NA | HG54: NA | HH54: NA | HI54: NA | HJ54: NA | HK54: NA | HL54: NA | HM54: NA | HN54: NA | HO54: NA | HP54: NA | HQ54: NA | HR54: NA | HS54: NA | HT54: NA | HU54: NA | HV54: NA | HW54: NA | HX54: NA | HY54: NA | HZ54: NA | IA54: NA | IB54: NA | IC54: NA | ID54: NA | IE54: NA | IF54: NA | IG54: NA | IH54: NA | II54: NA | IJ54: NA | IK54: NA | IL54: NA | IM54: NA | IN54: NA | IO54: NA | IP54: NA | IQ54: NA | IR54: NA | IS54: NA | IT54: NA | IU54: NA | IV54: NA
A55: 1 | B55: Yolo Bypass | C55: Prey density | D55: Mean carbon density (mgC m-3) | E55: =IBMR_Baseline!E53*(1+'AWC effects_food'!$F$18) -> 0.92129102 | F55: =IBMR_Baseline!F53*(1+'AWC effects_food'!$F$18) -> 1.0315222 | G55: =IBMR_Baseline!G53*(1+'AWC effects_food'!$F$18) -> 1.9297637 | H55: =IBMR_Baseline!H53*(1+'AWC effects_food'!$F$18) -> 0.40202359 | I55: =IBMR_Baseline!I53*(1+'AWC effects_food'!$F$18) -> 0.79426938 | J55: =IBMR_Baseline!J53*(1+'AWC effects_food'!$F$18) -> 1.5505236 | K55: =IBMR_Baseline!K53*(1+'AWC effects_food'!$F$18) -> 6.1701438 | L55: =IBMR_Baseline!L53*(1+'AWC effects_food'!$F$18) -> 4.9155764 | ... IJ55: =IBMR_Baseline!IJ53*(1+'AWC effects_food'!$F$18) -> 1.4083577 | IK55: NA | IL55: NA | IM55: NA | IN55: NA | IO55: NA | IP55: NA | IQ55: NA | IR55: NA | IS55: NA | IT55: NA | IU55: NA | IV55: NA
A56: 2 | B56: Upper Sacramento | C56: Prey density | D56: Mean carbon density (mgC m-3) | E56: NA | F56: NA | G56: NA | H56: NA | I56: NA | J56: NA | K56: NA | L56: NA | M56: NA | N56: NA | O56: NA | P56: NA | Q56: NA | R56: NA | S56: NA | T56: NA | U56: NA | V56: NA | W56: NA | X56: NA | Y56: NA | Z56: NA | AA56: NA | AB56: NA | AC56: NA | AD56: NA | AE56: NA | AF56: NA | AG56: NA | AH56: NA | AI56: NA | AJ56: NA | AK56: NA | AL56: NA | AM56: NA | AN56: NA | AO56: NA | AP56: NA | AQ56: NA | AR56: NA | AS56: NA | AT56: NA | AU56: NA | AV56: NA | AW56: NA | AX56: NA | AY56: NA | AZ56: NA | BA56: NA | BB56: NA | BC56: NA | BD56: NA | BE56: NA | BF56: NA | BG56: NA | BH56: NA | BI56: NA | BJ56: NA | BK56: NA | BL56: NA | BM56: NA | BN56: NA | BO56: NA | BP56: NA | BQ56: NA | BR56: NA | BS56: NA | BT56: NA | BU56: NA | BV56: NA | BW56: NA | BX56: NA | BY56: NA | BZ56: NA | CA56: NA | CB56: NA | CC56: NA | CD56: NA | CE56: NA | CF56: NA | CG56: NA | CH56: NA | CI56: NA | CJ56: NA | CK56: NA | CL56: NA | CM56: NA | CN56: NA | CO56: NA | CP56: NA | CQ56: NA | CR56: NA | CS56: NA | CT56: NA | CU56: NA | CV56: NA | CW56: NA | CX56: NA | CY56: NA | CZ56: NA | DA56: NA | DB56: NA | DC56: NA | DD56: NA | DE56: NA | DF56: NA | DG56: NA | DH56: NA | DI56: NA | DJ56: NA | DK56: NA | DL56: NA | DM56: NA | DN56: NA | DO56: NA | DP56: NA | DQ56: NA | DR56: NA | DS56: NA | DT56: NA | DU56: NA | DV56: NA | DW56: NA | DX56: NA | DY56: NA | DZ56: NA | EA56: NA | EB56: NA | EC56: NA | ED56: NA | EE56: NA | EF56: NA | EG56: NA | EH56: NA | EI56: NA | EJ56: NA | EK56: NA | EL56: NA | EM56: NA | EN56: NA | EO56: NA | EP56: NA | EQ56: NA | ER56: NA | ES56: NA | ET56: NA | EU56: NA | EV56: NA | EW56: NA | EX56: NA | EY56: NA | EZ56: NA | FA56: NA | FB56: NA | FC56: NA | FD56: NA | FE56: NA | FF56: NA | FG56: NA | FH56: NA | FI56: NA | FJ56: NA | FK56: NA | FL56: NA | FM56: NA | FN56: NA | FO56: NA | FP56: NA | FQ56: NA | FR56: NA | FS56: NA | FT56: NA | FU56: NA | FV56: NA | FW56: NA | FX56: NA | FY56: NA | FZ56: NA | GA56: NA | GB56: NA | GC56: NA | GD56: NA | GE56: NA | GF56: NA | GG56: NA | GH56: NA | GI56: NA | GJ56: NA | GK56: NA | GL56: NA | GM56: NA | GN56: NA | GO56: NA | GP56: NA | GQ56: NA | GR56: NA | GS56: NA | GT56: NA | GU56: NA | GV56: NA | GW56: NA | GX56: NA | GY56: NA | GZ56: NA | HA56: NA | HB56: NA | HC56: NA | HD56: NA | HE56: NA | HF56: NA | HG56: NA | HH56: NA | HI56: NA | HJ56: NA | HK56: NA | HL56: NA | HM56: NA | HN56: NA | HO56: NA | HP56: NA | HQ56: NA | HR56: NA | HS56: NA | HT56: NA | HU56: NA | HV56: NA | HW56: NA | HX56: NA | HY56: NA | HZ56: NA | IA56: NA | IB56: NA | IC56: NA | ID56: NA | IE56: NA | IF56: NA | IG56: NA | IH56: NA | II56: NA | IJ56: NA | IK56: NA | IL56: NA | IM56: NA | IN56: NA | IO56: NA | IP56: NA | IQ56: NA | IR56: NA | IS56: NA | IT56: NA | IU56: NA | IV56: NA
A57: 3 | B57: South Delta | C57: Prey density | D57: Mean carbon density (mgC m-3) | E57: NA | F57: NA | G57: NA | H57: NA | I57: NA | J57: NA | K57: NA | L57: NA | M57: NA | N57: NA | O57: NA | P57: NA | Q57: NA | R57: NA | S57: NA | T57: NA | U57: NA | V57: NA | W57: NA | X57: NA | Y57: NA | Z57: NA | AA57: NA | AB57: NA | AC57: NA | AD57: NA | AE57: NA | AF57: NA | AG57: NA | AH57: NA | AI57: NA | AJ57: NA | AK57: NA | AL57: NA | AM57: NA | AN57: NA | AO57: NA | AP57: NA | AQ57: NA | AR57: NA | AS57: NA | AT57: NA | AU57: NA | AV57: NA | AW57: NA | AX57: NA | AY57: NA | AZ57: NA | BA57: NA | BB57: NA | BC57: NA | BD57: NA | BE57: NA | BF57: NA | BG57: NA | BH57: NA | BI57: NA | BJ57: NA | BK57: NA | BL57: NA | BM57: NA | BN57: NA | BO57: NA | BP57: NA | BQ57: NA | BR57: NA | BS57: NA | BT57: NA | BU57: NA | BV57: NA | BW57: NA | BX57: NA | BY57: NA | BZ57: NA | CA57: NA | CB57: NA | CC57: NA | CD57: NA | CE57: NA | CF57: NA | CG57: NA | CH57: NA | CI57: NA | CJ57: NA | CK57: NA | CL57: NA | CM57: NA | CN57: NA | CO57: NA | CP57: NA | CQ57: NA | CR57: NA | CS57: NA | CT57: NA | CU57: NA | CV57: NA | CW57: NA | CX57: NA | CY57: NA | CZ57: NA | DA57: NA | DB57: NA | DC57: NA | DD57: NA | DE57: NA | DF57: NA | DG57: NA | DH57: NA | DI57: NA | DJ57: NA | DK57: NA | DL57: NA | DM57: NA | DN57: NA | DO57: NA | DP57: NA | DQ57: NA | DR57: NA | DS57: NA | DT57: NA | DU57: NA | DV57: NA | DW57: NA | DX57: NA | DY57: NA | DZ57: NA | EA57: NA | EB57: NA | EC57: NA | ED57: NA | EE57: NA | EF57: NA | EG57: NA | EH57: NA | EI57: NA | EJ57: NA | EK57: NA | EL57: NA | EM57: NA | EN57: NA | EO57: NA | EP57: NA | EQ57: NA | ER57: NA | ES57: NA | ET57: NA | EU57: NA | EV57: NA | EW57: NA | EX57: NA | EY57: NA | EZ57: NA | FA57: NA | FB57: NA | FC57: NA | FD57: NA | FE57: NA | FF57: NA | FG57: NA | FH57: NA | FI57: NA | FJ57: NA | FK57: NA | FL57: NA | FM57: NA | FN57: NA | FO57: NA | FP57: NA | FQ57: NA | FR57: NA | FS57: NA | FT57: NA | FU57: NA | FV57: NA | FW57: NA | FX57: NA | FY57: NA | FZ57: NA | GA57: NA | GB57: NA | GC57: NA | GD57: NA | GE57: NA | GF57: NA | GG57: NA | GH57: NA | GI57: NA | GJ57: NA | GK57: NA | GL57: NA | GM57: NA | GN57: NA | GO57: NA | GP57: NA | GQ57: NA | GR57: NA | GS57: NA | GT57: NA | GU57: NA | GV57: NA | GW57: NA | GX57: NA | GY57: NA | GZ57: NA | HA57: NA | HB57: NA | HC57: NA | HD57: NA | HE57: NA | HF57: NA | HG57: NA | HH57: NA | HI57: NA | HJ57: NA | HK57: NA | HL57: NA | HM57: NA | HN57: NA | HO57: NA | HP57: NA | HQ57: NA | HR57: NA | HS57: NA | HT57: NA | HU57: NA | HV57: NA | HW57: NA | HX57: NA | HY57: NA | HZ57: NA | IA57: NA | IB57: NA | IC57: NA | ID57: NA | IE57: NA | IF57: NA | IG57: NA | IH57: NA | II57: NA | IJ57: NA | IK57: NA | IL57: NA | IM57: NA | IN57: NA | IO57: NA | IP57: NA | IQ57: NA | IR57: NA | IS57: NA | IT57: NA | IU57: NA | IV57: NA
A58: 4 | B58: East Delta | C58: Prey density | D58: Mean carbon density (mgC m-3) | E58: NA | F58: NA | G58: NA | H58: NA | I58: NA | J58: NA | K58: NA | L58: NA | M58: NA | N58: NA | O58: NA | P58: NA | Q58: NA | R58: NA | S58: NA | T58: NA | U58: NA | V58: NA | W58: NA | X58: NA | Y58: NA | Z58: NA | AA58: NA | AB58: NA | AC58: NA | AD58: NA | AE58: NA | AF58: NA | AG58: NA | AH58: NA | AI58: NA | AJ58: NA | AK58: NA | AL58: NA | AM58: NA | AN58: NA | AO58: NA | AP58: NA | AQ58: NA | AR58: NA | AS58: NA | AT58: NA | AU58: NA | AV58: NA | AW58: NA | AX58: NA | AY58: NA | AZ58: NA | BA58: NA | BB58: NA | BC58: NA | BD58: NA | BE58: NA | BF58: NA | BG58: NA | BH58: NA | BI58: NA | BJ58: NA | BK58: NA | BL58: NA | BM58: NA | BN58: NA | BO58: NA | BP58: NA | BQ58: NA | BR58: NA | BS58: NA | BT58: NA | BU58: NA | BV58: NA | BW58: NA | BX58: NA | BY58: NA | BZ58: NA | CA58: NA | CB58: NA | CC58: NA | CD58: NA | CE58: NA | CF58: NA | CG58: NA | CH58: NA | CI58: NA | CJ58: NA | CK58: NA | CL58: NA | CM58: NA | CN58: NA | CO58: NA | CP58: NA | CQ58: NA | CR58: NA | CS58: NA | CT58: NA | CU58: NA | CV58: NA | CW58: NA | CX58: NA | CY58: NA | CZ58: NA | DA58: NA | DB58: NA | DC58: NA | DD58: NA | DE58: NA | DF58: NA | DG58: NA | DH58: NA | DI58: NA | DJ58: NA | DK58: NA | DL58: NA | DM58: NA | DN58: NA | DO58: NA | DP58: NA | DQ58: NA | DR58: NA | DS58: NA | DT58: NA | DU58: NA | DV58: NA | DW58: NA | DX58: NA | DY58: NA | DZ58: NA | EA58: NA | EB58: NA | EC58: NA | ED58: NA | EE58: NA | EF58: NA | EG58: NA | EH58: NA | EI58: NA | EJ58: NA | EK58: NA | EL58: NA | EM58: NA | EN58: NA | EO58: NA | EP58: NA | EQ58: NA | ER58: NA | ES58: NA | ET58: NA | EU58: NA | EV58: NA | EW58: NA | EX58: NA | EY58: NA | EZ58: NA | FA58: NA | FB58: NA | FC58: NA | FD58: NA | FE58: NA | FF58: NA | FG58: NA | FH58: NA | FI58: NA | FJ58: NA | FK58: NA | FL58: NA | FM58: NA | FN58: NA | FO58: NA | FP58: NA | FQ58: NA | FR58: NA | FS58: NA | FT58: NA | FU58: NA | FV58: NA | FW58: NA | FX58: NA | FY58: NA | FZ58: NA | GA58: NA | GB58: NA | GC58: NA | GD58: NA | GE58: NA | GF58: NA | GG58: NA | GH58: NA | GI58: NA | GJ58: NA | GK58: NA | GL58: NA | GM58: NA | GN58: NA | GO58: NA | GP58: NA | GQ58: NA | GR58: NA | GS58: NA | GT58: NA | GU58: NA | GV58: NA | GW58: NA | GX58: NA | GY58: NA | GZ58: NA | HA58: NA | HB58: NA | HC58: NA | HD58: NA | HE58: NA | HF58: NA | HG58: NA | HH58: NA | HI58: NA | HJ58: NA | HK58: NA | HL58: NA | HM58: NA | HN58: NA | HO58: NA | HP58: NA | HQ58: NA | HR58: NA | HS58: NA | HT58: NA | HU58: NA | HV58: NA | HW58: NA | HX58: NA | HY58: NA | HZ58: NA | IA58: NA | IB58: NA | IC58: NA | ID58: NA | IE58: NA | IF58: NA | IG58: NA | IH58: NA | II58: NA | IJ58: NA | IK58: NA | IL58: NA | IM58: NA | IN58: NA | IO58: NA | IP58: NA | IQ58: NA | IR58: NA | IS58: NA | IT58: NA | IU58: NA | IV58: NA
A59: 5 | B59: Lower Sacramento | C59: Prey density | D59: Mean carbon density (mgC m-3) | E59: NA | F59: NA | G59: NA | H59: NA | I59: NA | J59: NA | K59: NA | L59: NA | M59: NA | N59: NA | O59: NA | P59: NA | Q59: NA | R59: NA | S59: NA | T59: NA | U59: NA | V59: NA | W59: NA | X59: NA | Y59: NA | Z59: NA | AA59: NA | AB59: NA | AC59: NA | AD59: NA | AE59: NA | AF59: NA | AG59: NA | AH59: NA | AI59: NA | AJ59: NA | AK59: NA | AL59: NA | AM59: NA | AN59: NA | AO59: NA | AP59: NA | AQ59: NA | AR59: NA | AS59: NA | AT59: NA | AU59: NA | AV59: NA | AW59: NA | AX59: NA | AY59: NA | AZ59: NA | BA59: NA | BB59: NA | BC59: NA | BD59: NA | BE59: NA | BF59: NA | BG59: NA | BH59: NA | BI59: NA | BJ59: NA | BK59: NA | BL59: NA | BM59: NA | BN59: NA | BO59: NA | BP59: NA | BQ59: NA | BR59: NA | BS59: NA | BT59: NA | BU59: NA | BV59: NA | BW59: NA | BX59: NA | BY59: NA | BZ59: NA | CA59: NA | CB59: NA | CC59: NA | CD59: NA | CE59: NA | CF59: NA | CG59: NA | CH59: NA | CI59: NA | CJ59: NA | CK59: NA | CL59: NA | CM59: NA | CN59: NA | CO59: NA | CP59: NA | CQ59: NA | CR59: NA | CS59: NA | CT59: NA | CU59: NA | CV59: NA | CW59: NA | CX59: NA | CY59: NA | CZ59: NA | DA59: NA | DB59: NA | DC59: NA | DD59: NA | DE59: NA | DF59: NA | DG59: NA | DH59: NA | DI59: NA | DJ59: NA | DK59: NA | DL59: NA | DM59: NA | DN59: NA | DO59: NA | DP59: NA | DQ59: NA | DR59: NA | DS59: NA | DT59: NA | DU59: NA | DV59: NA | DW59: NA | DX59: NA | DY59: NA | DZ59: NA | EA59: NA | EB59: NA | EC59: NA | ED59: NA | EE59: NA | EF59: NA | EG59: NA | EH59: NA | EI59: NA | EJ59: NA | EK59: NA | EL59: NA | EM59: NA | EN59: NA | EO59: NA | EP59: NA | EQ59: NA | ER59: NA | ES59: NA | ET59: NA | EU59: NA | EV59: NA | EW59: NA | EX59: NA | EY59: NA | EZ59: NA | FA59: NA | FB59: NA | FC59: NA | FD59: NA | FE59: NA | FF59: NA | FG59: NA | FH59: NA | FI59: NA | FJ59: NA | FK59: NA | FL59: NA | FM59: NA | FN59: NA | FO59: NA | FP59: NA | FQ59: NA | FR59: NA | FS59: NA | FT59: NA | FU59: NA | FV59: NA | FW59: NA | FX59: NA | FY59: NA | FZ59: NA | GA59: NA | GB59: NA | GC59: NA | GD59: NA | GE59: NA | GF59: NA | GG59: NA | GH59: NA | GI59: NA | GJ59: NA | GK59: NA | GL59: NA | GM59: NA | GN59: NA | GO59: NA | GP59: NA | GQ59: NA | GR59: NA | GS59: NA | GT59: NA | GU59: NA | GV59: NA | GW59: NA | GX59: NA | GY59: NA | GZ59: NA | HA59: NA | HB59: NA | HC59: NA | HD59: NA | HE59: NA | HF59: NA | HG59: NA | HH59: NA | HI59: NA | HJ59: NA | HK59: NA | HL59: NA | HM59: NA | HN59: NA | HO59: NA | HP59: NA | HQ59: NA | HR59: NA | HS59: NA | HT59: NA | HU59: NA | HV59: NA | HW59: NA | HX59: NA | HY59: NA | HZ59: NA | IA59: NA | IB59: NA | IC59: NA | ID59: NA | IE59: NA | IF59: NA | IG59: NA | IH59: NA | II59: NA | IJ59: NA | IK59: NA | IL59: NA | IM59: NA | IN59: NA | IO59: NA | IP59: NA | IQ59: NA | IR59: NA | IS59: NA | IT59: NA | IU59: NA | IV59: NA
A60: 6 | B60: Lower San Joaquin | C60: Prey density | D60: Mean carbon density (mgC m-3) | E60: NA | F60: NA | G60: NA | H60: NA | I60: NA | J60: NA | K60: NA | L60: NA | M60: NA | N60: NA | O60: NA | P60: NA | Q60: NA | R60: NA | S60: NA | T60: NA | U60: NA | V60: NA | W60: NA | X60: NA | Y60: NA | Z60: NA | AA60: NA | AB60: NA | AC60: NA | AD60: NA | AE60: NA | AF60: NA | AG60: NA | AH60: NA | AI60: NA | AJ60: NA | AK60: NA | AL60: NA | AM60: NA | AN60: NA | AO60: NA | AP60: NA | AQ60: NA | AR60: NA | AS60: NA | AT60: NA | AU60: NA | AV60: NA | AW60: NA | AX60: NA | AY60: NA | AZ60: NA | BA60: NA | BB60: NA | BC60: NA | BD60: NA | BE60: NA | BF60: NA | BG60: NA | BH60: NA | BI60: NA | BJ60: NA | BK60: NA | BL60: NA | BM60: NA | BN60: NA | BO60: NA | BP60: NA | BQ60: NA | BR60: NA | BS60: NA | BT60: NA | BU60: NA | BV60: NA | BW60: NA | BX60: NA | BY60: NA | BZ60: NA | CA60: NA | CB60: NA | CC60: NA | CD60: NA | CE60: NA | CF60: NA | CG60: NA | CH60: NA | CI60: NA | CJ60: NA | CK60: NA | CL60: NA | CM60: NA | CN60: NA | CO60: NA | CP60: NA | CQ60: NA | CR60: NA | CS60: NA | CT60: NA | CU60: NA | CV60: NA | CW60: NA | CX60: NA | CY60: NA | CZ60: NA | DA60: NA | DB60: NA | DC60: NA | DD60: NA | DE60: NA | DF60: NA | DG60: NA | DH60: NA | DI60: NA | DJ60: NA | DK60: NA | DL60: NA | DM60: NA | DN60: NA | DO60: NA | DP60: NA | DQ60: NA | DR60: NA | DS60: NA | DT60: NA | DU60: NA | DV60: NA | DW60: NA | DX60: NA | DY60: NA | DZ60: NA | EA60: NA | EB60: NA | EC60: NA | ED60: NA | EE60: NA | EF60: NA | EG60: NA | EH60: NA | EI60: NA | EJ60: NA | EK60: NA | EL60: NA | EM60: NA | EN60: NA | EO60: NA | EP60: NA | EQ60: NA | ER60: NA | ES60: NA | ET60: NA | EU60: NA | EV60: NA | EW60: NA | EX60: NA | EY60: NA | EZ60: NA | FA60: NA | FB60: NA | FC60: NA | FD60: NA | FE60: NA | FF60: NA | FG60: NA | FH60: NA | FI60: NA | FJ60: NA | FK60: NA | FL60: NA | FM60: NA | FN60: NA | FO60: NA | FP60: NA | FQ60: NA | FR60: NA | FS60: NA | FT60: NA | FU60: NA | FV60: NA | FW60: NA | FX60: NA | FY60: NA | FZ60: NA | GA60: NA | GB60: NA | GC60: NA | GD60: NA | GE60: NA | GF60: NA | GG60: NA | GH60: NA | GI60: NA | GJ60: NA | GK60: NA | GL60: NA | GM60: NA | GN60: NA | GO60: NA | GP60: NA | GQ60: NA | GR60: NA | GS60: NA | GT60: NA | GU60: NA | GV60: NA | GW60: NA | GX60: NA | GY60: NA | GZ60: NA | HA60: NA | HB60: NA | HC60: NA | HD60: NA | HE60: NA | HF60: NA | HG60: NA | HH60: NA | HI60: NA | HJ60: NA | HK60: NA | HL60: NA | HM60: NA | HN60: NA | HO60: NA | HP60: NA | HQ60: NA | HR60: NA | HS60: NA | HT60: NA | HU60: NA | HV60: NA | HW60: NA | HX60: NA | HY60: NA | HZ60: NA | IA60: NA | IB60: NA | IC60: NA | ID60: NA | IE60: NA | IF60: NA | IG60: NA | IH60: NA | II60: NA | IJ60: NA | IK60: NA | IL60: NA | IM60: NA | IN60: NA | IO60: NA | IP60: NA | IQ60: NA | IR60: NA | IS60: NA | IT60: NA | IU60: NA | IV60: NA
A61: 7 | B61: Confluence | C61: Prey density | D61: Mean carbon density (mgC m-3) | E61: NA | F61: NA | G61: NA | H61: NA | I61: NA | J61: NA | K61: NA | L61: NA | M61: NA | N61: NA | O61: NA | P61: NA | Q61: NA | R61: NA | S61: NA | T61: NA | U61: NA | V61: NA | W61: NA | X61: NA | Y61: NA | Z61: NA | AA61: NA | AB61: NA | AC61: NA | AD61: NA | AE61: NA | AF61: NA | AG61: NA | AH61: NA | AI61: NA | AJ61: NA | AK61: NA | AL61: NA | AM61: NA | AN61: NA | AO61: NA | AP61: NA | AQ61: NA | AR61: NA | AS61: NA | AT61: NA | AU61: NA | AV61: NA | AW61: NA | AX61: NA | AY61: NA | AZ61: NA | BA61: NA | BB61: NA | BC61: NA | BD61: NA | BE61: NA | BF61: NA | BG61: NA | BH61: NA | BI61: NA | BJ61: NA | BK61: NA | BL61: NA | BM61: NA | BN61: NA | BO61: NA | BP61: NA | BQ61: NA | BR61: NA | BS61: NA | BT61: NA | BU61: NA | BV61: NA | BW61: NA | BX61: NA | BY61: NA | BZ61: NA | CA61: NA | CB61: NA | CC61: NA | CD61: NA | CE61: NA | CF61: NA | CG61: NA | CH61: NA | CI61: NA | CJ61: NA | CK61: NA | CL61: NA | CM61: NA | CN61: NA | CO61: NA | CP61: NA | CQ61: NA | CR61: NA | CS61: NA | CT61: NA | CU61: NA | CV61: NA | CW61: NA | CX61: NA | CY61: NA | CZ61: NA | DA61: NA | DB61: NA | DC61: NA | DD61: NA | DE61: NA | DF61: NA | DG61: NA | DH61: NA | DI61: NA | DJ61: NA | DK61: NA | DL61: NA | DM61: NA | DN61: NA | DO61: NA | DP61: NA | DQ61: NA | DR61: NA | DS61: NA | DT61: NA | DU61: NA | DV61: NA | DW61: NA | DX61: NA | DY61: NA | DZ61: NA | EA61: NA | EB61: NA | EC61: NA | ED61: NA | EE61: NA | EF61: NA | EG61: NA | EH61: NA | EI61: NA | EJ61: NA | EK61: NA | EL61: NA | EM61: NA | EN61: NA | EO61: NA | EP61: NA | EQ61: NA | ER61: NA | ES61: NA | ET61: NA | EU61: NA | EV61: NA | EW61: NA | EX61: NA | EY61: NA | EZ61: NA | FA61: NA | FB61: NA | FC61: NA | FD61: NA | FE61: NA | FF61: NA | FG61: NA | FH61: NA | FI61: NA | FJ61: NA | FK61: NA | FL61: NA | FM61: NA | FN61: NA | FO61: NA | FP61: NA | FQ61: NA | FR61: NA | FS61: NA | FT61: NA | FU61: NA | FV61: NA | FW61: NA | FX61: NA | FY61: NA | FZ61: NA | GA61: NA | GB61: NA | GC61: NA | GD61: NA | GE61: NA | GF61: NA | GG61: NA | GH61: NA | GI61: NA | GJ61: NA | GK61: NA | GL61: NA | GM61: NA | GN61: NA | GO61: NA | GP61: NA | GQ61: NA | GR61: NA | GS61: NA | GT61: NA | GU61: NA | GV61: NA | GW61: NA | GX61: NA | GY61: NA | GZ61: NA | HA61: NA | HB61: NA | HC61: NA | HD61: NA | HE61: NA | HF61: NA | HG61: NA | HH61: NA | HI61: NA | HJ61: NA | HK61: NA | HL61: NA | HM61: NA | HN61: NA | HO61: NA | HP61: NA | HQ61: NA | HR61: NA | HS61: NA | HT61: NA | HU61: NA | HV61: NA | HW61: NA | HX61: NA | HY61: NA | HZ61: NA | IA61: NA | IB61: NA | IC61: NA | ID61: NA | IE61: NA | IF61: NA | IG61: NA | IH61: NA | II61: NA | IJ61: NA | IK61: NA | IL61: NA | IM61: NA | IN61: NA | IO61: NA | IP61: NA | IQ61: NA | IR61: NA | IS61: NA | IT61: NA | IU61: NA | IV61: NA
A62: 8 | B62: South Suisun East | C62: Prey density | D62: Mean carbon density (mgC m-3) | E62: NA | F62: NA | G62: NA | H62: NA | I62: NA | J62: NA | K62: NA | L62: NA | M62: NA | N62: NA | O62: NA | P62: NA | Q62: NA | R62: NA | S62: NA | T62: NA | U62: NA | V62: NA | W62: NA | X62: NA | Y62: NA | Z62: NA | AA62: NA | AB62: NA | AC62: NA | AD62: NA | AE62: NA | AF62: NA | AG62: NA | AH62: NA | AI62: NA | AJ62: NA | AK62: NA | AL62: NA | AM62: NA | AN62: NA | AO62: NA | AP62: NA | AQ62: NA | AR62: NA | AS62: NA | AT62: NA | AU62: NA | AV62: NA | AW62: NA | AX62: NA | AY62: NA | AZ62: NA | BA62: NA | BB62: NA | BC62: NA | BD62: NA | BE62: NA | BF62: NA | BG62: NA | BH62: NA | BI62: NA | BJ62: NA | BK62: NA | BL62: NA | BM62: NA | BN62: NA | BO62: NA | BP62: NA | BQ62: NA | BR62: NA | BS62: NA | BT62: NA | BU62: NA | BV62: NA | BW62: NA | BX62: NA | BY62: NA | BZ62: NA | CA62: NA | CB62: NA | CC62: NA | CD62: NA | CE62: NA | CF62: NA | CG62: NA | CH62: NA | CI62: NA | CJ62: NA | CK62: NA | CL62: NA | CM62: NA | CN62: NA | CO62: NA | CP62: NA | CQ62: NA | CR62: NA | CS62: NA | CT62: NA | CU62: NA | CV62: NA | CW62: NA | CX62: NA | CY62: NA | CZ62: NA | DA62: NA | DB62: NA | DC62: NA | DD62: NA | DE62: NA | DF62: NA | DG62: NA | DH62: NA | DI62: NA | DJ62: NA | DK62: NA | DL62: NA | DM62: NA | DN62: NA | DO62: NA | DP62: NA | DQ62: NA | DR62: NA | DS62: NA | DT62: NA | DU62: NA | DV62: NA | DW62: NA | DX62: NA | DY62: NA | DZ62: NA | EA62: NA | EB62: NA | EC62: NA | ED62: NA | EE62: NA | EF62: NA | EG62: NA | EH62: NA | EI62: NA | EJ62: NA | EK62: NA | EL62: NA | EM62: NA | EN62: NA | EO62: NA | EP62: NA | EQ62: NA | ER62: NA | ES62: NA | ET62: NA | EU62: NA | EV62: NA | EW62: NA | EX62: NA | EY62: NA | EZ62: NA | FA62: NA | FB62: NA | FC62: NA | FD62: NA | FE62: NA | FF62: NA | FG62: NA | FH62: NA | FI62: NA | FJ62: NA | FK62: NA | FL62: NA | FM62: NA | FN62: NA | FO62: NA | FP62: NA | FQ62: NA | FR62: NA | FS62: NA | FT62: NA | FU62: NA | FV62: NA | FW62: NA | FX62: NA | FY62: NA | FZ62: NA | GA62: NA | GB62: NA | GC62: NA | GD62: NA | GE62: NA | GF62: NA | GG62: NA | GH62: NA | GI62: NA | GJ62: NA | GK62: NA | GL62: NA | GM62: NA | GN62: NA | GO62: NA | GP62: NA | GQ62: NA | GR62: NA | GS62: NA | GT62: NA | GU62: NA | GV62: NA | GW62: NA | GX62: NA | GY62: NA | GZ62: NA | HA62: NA | HB62: NA | HC62: NA | HD62: NA | HE62: NA | HF62: NA | HG62: NA | HH62: NA | HI62: NA | HJ62: NA | HK62: NA | HL62: NA | HM62: NA | HN62: NA | HO62: NA | HP62: NA | HQ62: NA | HR62: NA | HS62: NA | HT62: NA | HU62: NA | HV62: NA | HW62: NA | HX62: NA | HY62: NA | HZ62: NA | IA62: NA | IB62: NA | IC62: NA | ID62: NA | IE62: NA | IF62: NA | IG62: NA | IH62: NA | II62: NA | IJ62: NA | IK62: NA | IL62: NA | IM62: NA | IN62: NA | IO62: NA | IP62: NA | IQ62: NA | IR62: NA | IS62: NA | IT62: NA | IU62: NA | IV62: NA
A63: 9 | B63: North Suisun East | C63: Prey density | D63: Mean carbon density (mgC m-3) | E63: NA | F63: NA | G63: NA | H63: NA | I63: NA | J63: NA | K63: NA | L63: NA | M63: NA | N63: NA | O63: NA | P63: NA | Q63: NA | R63: NA | S63: NA | T63: NA | U63: NA | V63: NA | W63: NA | X63: NA | Y63: NA | Z63: NA | AA63: NA | AB63: NA | AC63: NA | AD63: NA | AE63: NA | AF63: NA | AG63: NA | AH63: NA | AI63: NA | AJ63: NA | AK63: NA | AL63: NA | AM63: NA | AN63: NA | AO63: NA | AP63: NA | AQ63: NA | AR63: NA | AS63: NA | AT63: NA | AU63: NA | AV63: NA | AW63: NA | AX63: NA | AY63: NA | AZ63: NA | BA63: NA | BB63: NA | BC63: NA | BD63: NA | BE63: NA | BF63: NA | BG63: NA | BH63: NA | BI63: NA | BJ63: NA | BK63: NA | BL63: NA | BM63: NA | BN63: NA | BO63: NA | BP63: NA | BQ63: NA | BR63: NA | BS63: NA | BT63: NA | BU63: NA | BV63: NA | BW63: NA | BX63: NA | BY63: NA | BZ63: NA | CA63: NA | CB63: NA | CC63: NA | CD63: NA | CE63: NA | CF63: NA | CG63: NA | CH63: NA | CI63: NA | CJ63: NA | CK63: NA | CL63: NA | CM63: NA | CN63: NA | CO63: NA | CP63: NA | CQ63: NA | CR63: NA | CS63: NA | CT63: NA | CU63: NA | CV63: NA | CW63: NA | CX63: NA | CY63: NA | CZ63: NA | DA63: NA | DB63: NA | DC63: NA | DD63: NA | DE63: NA | DF63: NA | DG63: NA | DH63: NA | DI63: NA | DJ63: NA | DK63: NA | DL63: NA | DM63: NA | DN63: NA | DO63: NA | DP63: NA | DQ63: NA | DR63: NA | DS63: NA | DT63: NA | DU63: NA | DV63: NA | DW63: NA | DX63: NA | DY63: NA | DZ63: NA | EA63: NA | EB63: NA | EC63: NA | ED63: NA | EE63: NA | EF63: NA | EG63: NA | EH63: NA | EI63: NA | EJ63: NA | EK63: NA | EL63: NA | EM63: NA | EN63: NA | EO63: NA | EP63: NA | EQ63: NA | ER63: NA | ES63: NA | ET63: NA | EU63: NA | EV63: NA | EW63: NA | EX63: NA | EY63: NA | EZ63: NA | FA63: NA | FB63: NA | FC63: NA | FD63: NA | FE63: NA | FF63: NA | FG63: NA | FH63: NA | FI63: NA | FJ63: NA | FK63: NA | FL63: NA | FM63: NA | FN63: NA | FO63: NA | FP63: NA | FQ63: NA | FR63: NA | FS63: NA | FT63: NA | FU63: NA | FV63: NA | FW63: NA | FX63: NA | FY63: NA | FZ63: NA | GA63: NA | GB63: NA | GC63: NA | GD63: NA | GE63: NA | GF63: NA | GG63: NA | GH63: NA | GI63: NA | GJ63: NA | GK63: NA | GL63: NA | GM63: NA | GN63: NA | GO63: NA | GP63: NA | GQ63: NA | GR63: NA | GS63: NA | GT63: NA | GU63: NA | GV63: NA | GW63: NA | GX63: NA | GY63: NA | GZ63: NA | HA63: NA | HB63: NA | HC63: NA | HD63: NA | HE63: NA | HF63: NA | HG63: NA | HH63: NA | HI63: NA | HJ63: NA | HK63: NA | HL63: NA | HM63: NA | HN63: NA | HO63: NA | HP63: NA | HQ63: NA | HR63: NA | HS63: NA | HT63: NA | HU63: NA | HV63: NA | HW63: NA | HX63: NA | HY63: NA | HZ63: NA | IA63: NA | IB63: NA | IC63: NA | ID63: NA | IE63: NA | IF63: NA | IG63: NA | IH63: NA | II63: NA | IJ63: NA | IK63: NA | IL63: NA | IM63: NA | IN63: NA | IO63: NA | IP63: NA | IQ63: NA | IR63: NA | IS63: NA | IT63: NA | IU63: NA | IV63: NA
A64: 10 | B64: Suisun Marsh | C64: Prey density | D64: Mean carbon density (mgC m-3) | E64: NA | F64: NA | G64: NA | H64: NA | I64: NA | J64: NA | K64: NA | L64: NA | M64: NA | N64: NA | O64: NA | P64: NA | Q64: NA | R64: NA | S64: NA | T64: NA | U64: NA | V64: NA | W64: NA | X64: NA | Y64: NA | Z64: NA | AA64: NA | AB64: NA | AC64: NA | AD64: NA | AE64: NA | AF64: NA | AG64: NA | AH64: NA | AI64: NA | AJ64: NA | AK64: NA | AL64: NA | AM64: NA | AN64: NA | AO64: NA | AP64: NA | AQ64: NA | AR64: NA | AS64: NA | AT64: NA | AU64: NA | AV64: NA | AW64: NA | AX64: NA | AY64: NA | AZ64: NA | BA64: NA | BB64: NA | BC64: NA | BD64: NA | BE64: NA | BF64: NA | BG64: NA | BH64: NA | BI64: NA | BJ64: NA | BK64: NA | BL64: NA | BM64: NA | BN64: NA | BO64: NA | BP64: NA | BQ64: NA | BR64: NA | BS64: NA | BT64: NA | BU64: NA | BV64: NA | BW64: NA | BX64: NA | BY64: NA | BZ64: NA | CA64: NA | CB64: NA | CC64: NA | CD64: NA | CE64: NA | CF64: NA | CG64: NA | CH64: NA | CI64: NA | CJ64: NA | CK64: NA | CL64: NA | CM64: NA | CN64: NA | CO64: NA | CP64: NA | CQ64: NA | CR64: NA | CS64: NA | CT64: NA | CU64: NA | CV64: NA | CW64: NA | CX64: NA | CY64: NA | CZ64: NA | DA64: NA | DB64: NA | DC64: NA | DD64: NA | DE64: NA | DF64: NA | DG64: NA | DH64: NA | DI64: NA | DJ64: NA | DK64: NA | DL64: NA | DM64: NA | DN64: NA | DO64: NA | DP64: NA | DQ64: NA | DR64: NA | DS64: NA | DT64: NA | DU64: NA | DV64: NA | DW64: NA | DX64: NA | DY64: NA | DZ64: NA | EA64: NA | EB64: NA | EC64: NA | ED64: NA | EE64: NA | EF64: NA | EG64: NA | EH64: NA | EI64: NA | EJ64: NA | EK64: NA | EL64: NA | EM64: NA | EN64: NA | EO64: NA | EP64: NA | EQ64: NA | ER64: NA | ES64: NA | ET64: NA | EU64: NA | EV64: NA | EW64: NA | EX64: NA | EY64: NA | EZ64: NA | FA64: NA | FB64: NA | FC64: NA | FD64: NA | FE64: NA | FF64: NA | FG64: NA | FH64: NA | FI64: NA | FJ64: NA | FK64: NA | FL64: NA | FM64: NA | FN64: NA | FO64: NA | FP64: NA | FQ64: NA | FR64: NA | FS64: NA | FT64: NA | FU64: NA | FV64: NA | FW64: NA | FX64: NA | FY64: NA | FZ64: NA | GA64: NA | GB64: NA | GC64: NA | GD64: NA | GE64: NA | GF64: NA | GG64: NA | GH64: NA | GI64: NA | GJ64: NA | GK64: NA | GL64: NA | GM64: NA | GN64: NA | GO64: NA | GP64: NA | GQ64: NA | GR64: NA | GS64: NA | GT64: NA | GU64: NA | GV64: NA | GW64: NA | GX64: NA | GY64: NA | GZ64: NA | HA64: NA | HB64: NA | HC64: NA | HD64: NA | HE64: NA | HF64: NA | HG64: NA | HH64: NA | HI64: NA | HJ64: NA | HK64: NA | HL64: NA | HM64: NA | HN64: NA | HO64: NA | HP64: NA | HQ64: NA | HR64: NA | HS64: NA | HT64: NA | HU64: NA | HV64: NA | HW64: NA | HX64: NA | HY64: NA | HZ64: NA | IA64: NA | IB64: NA | IC64: NA | ID64: NA | IE64: NA | IF64: NA | IG64: NA | IH64: NA | II64: NA | IJ64: NA | IK64: NA | IL64: NA | IM64: NA | IN64: NA | IO64: NA | IP64: NA | IQ64: NA | IR64: NA | IS64: NA | IT64: NA | IU64: NA | IV64: NA
A65: 11 | B65: South Susuin West | C65: Prey density | D65: Mean carbon density (mgC m-3) | E65: NA | F65: NA | G65: NA | H65: NA | I65: NA | J65: NA | K65: NA | L65: NA | M65: NA | N65: NA | O65: NA | P65: NA | Q65: NA | R65: NA | S65: NA | T65: NA | U65: NA | V65: NA | W65: NA | X65: NA | Y65: NA | Z65: NA | AA65: NA | AB65: NA | AC65: NA | AD65: NA | AE65: NA | AF65: NA | AG65: NA | AH65: NA | AI65: NA | AJ65: NA | AK65: NA | AL65: NA | AM65: NA | AN65: NA | AO65: NA | AP65: NA | AQ65: NA | AR65: NA | AS65: NA | AT65: NA | AU65: NA | AV65: NA | AW65: NA | AX65: NA | AY65: NA | AZ65: NA | BA65: NA | BB65: NA | BC65: NA | BD65: NA | BE65: NA | BF65: NA | BG65: NA | BH65: NA | BI65: NA | BJ65: NA | BK65: NA | BL65: NA | BM65: NA | BN65: NA | BO65: NA | BP65: NA | BQ65: NA | BR65: NA | BS65: NA | BT65: NA | BU65: NA | BV65: NA | BW65: NA | BX65: NA | BY65: NA | BZ65: NA | CA65: NA | CB65: NA | CC65: NA | CD65: NA | CE65: NA | CF65: NA | CG65: NA | CH65: NA | CI65: NA | CJ65: NA | CK65: NA | CL65: NA | CM65: NA | CN65: NA | CO65: NA | CP65: NA | CQ65: NA | CR65: NA | CS65: NA | CT65: NA | CU65: NA | CV65: NA | CW65: NA | CX65: NA | CY65: NA | CZ65: NA | DA65: NA | DB65: NA | DC65: NA | DD65: NA | DE65: NA | DF65: NA | DG65: NA | DH65: NA | DI65: NA | DJ65: NA | DK65: NA | DL65: NA | DM65: NA | DN65: NA | DO65: NA | DP65: NA | DQ65: NA | DR65: NA | DS65: NA | DT65: NA | DU65: NA | DV65: NA | DW65: NA | DX65: NA | DY65: NA | DZ65: NA | EA65: NA | EB65: NA | EC65: NA | ED65: NA | EE65: NA | EF65: NA | EG65: NA | EH65: NA | EI65: NA | EJ65: NA | EK65: NA | EL65: NA | EM65: NA | EN65: NA | EO65: NA | EP65: NA | EQ65: NA | ER65: NA | ES65: NA | ET65: NA | EU65: NA | EV65: NA | EW65: NA | EX65: NA | EY65: NA | EZ65: NA | FA65: NA | FB65: NA | FC65: NA | FD65: NA | FE65: NA | FF65: NA | FG65: NA | FH65: NA | FI65: NA | FJ65: NA | FK65: NA | FL65: NA | FM65: NA | FN65: NA | FO65: NA | FP65: NA | FQ65: NA | FR65: NA | FS65: NA | FT65: NA | FU65: NA | FV65: NA | FW65: NA | FX65: NA | FY65: NA | FZ65: NA | GA65: NA | GB65: NA | GC65: NA | GD65: NA | GE65: NA | GF65: NA | GG65: NA | GH65: NA | GI65: NA | GJ65: NA | GK65: NA | GL65: NA | GM65: NA | GN65: NA | GO65: NA | GP65: NA | GQ65: NA | GR65: NA | GS65: NA | GT65: NA | GU65: NA | GV65: NA | GW65: NA | GX65: NA | GY65: NA | GZ65: NA | HA65: NA | HB65: NA | HC65: NA | HD65: NA | HE65: NA | HF65: NA | HG65: NA | HH65: NA | HI65: NA | HJ65: NA | HK65: NA | HL65: NA | HM65: NA | HN65: NA | HO65: NA | HP65: NA | HQ65: NA | HR65: NA | HS65: NA | HT65: NA | HU65: NA | HV65: NA | HW65: NA | HX65: NA | HY65: NA | HZ65: NA | IA65: NA | IB65: NA | IC65: NA | ID65: NA | IE65: NA | IF65: NA | IG65: NA | IH65: NA | II65: NA | IJ65: NA | IK65: NA | IL65: NA | IM65: NA | IN65: NA | IO65: NA | IP65: NA | IQ65: NA | IR65: NA | IS65: NA | IT65: NA | IU65: NA | IV65: NA
A66: 12 | B66: North Suisun West | C66: Prey density | D66: Mean carbon density (mgC m-3) | E66: NA | F66: NA | G66: NA | H66: NA | I66: NA | J66: NA | K66: NA | L66: NA | M66: NA | N66: NA | O66: NA | P66: NA | Q66: NA | R66: NA | S66: NA | T66: NA | U66: NA | V66: NA | W66: NA | X66: NA | Y66: NA | Z66: NA | AA66: NA | AB66: NA | AC66: NA | AD66: NA | AE66: NA | AF66: NA | AG66: NA | AH66: NA | AI66: NA | AJ66: NA | AK66: NA | AL66: NA | AM66: NA | AN66: NA | AO66: NA | AP66: NA | AQ66: NA | AR66: NA | AS66: NA | AT66: NA | AU66: NA | AV66: NA | AW66: NA | AX66: NA | AY66: NA | AZ66: NA | BA66: NA | BB66: NA | BC66: NA | BD66: NA | BE66: NA | BF66: NA | BG66: NA | BH66: NA | BI66: NA | BJ66: NA | BK66: NA | BL66: NA | BM66: NA | BN66: NA | BO66: NA | BP66: NA | BQ66: NA | BR66: NA | BS66: NA | BT66: NA | BU66: NA | BV66: NA | BW66: NA | BX66: NA | BY66: NA | BZ66: NA | CA66: NA | CB66: NA | CC66: NA | CD66: NA | CE66: NA | CF66: NA | CG66: NA | CH66: NA | CI66: NA | CJ66: NA | CK66: NA | CL66: NA | CM66: NA | CN66: NA | CO66: NA | CP66: NA | CQ66: NA | CR66: NA | CS66: NA | CT66: NA | CU66: NA | CV66: NA | CW66: NA | CX66: NA | CY66: NA | CZ66: NA | DA66: NA | DB66: NA | DC66: NA | DD66: NA | DE66: NA | DF66: NA | DG66: NA | DH66: NA | DI66: NA | DJ66: NA | DK66: NA | DL66: NA | DM66: NA | DN66: NA | DO66: NA | DP66: NA | DQ66: NA | DR66: NA | DS66: NA | DT66: NA | DU66: NA | DV66: NA | DW66: NA | DX66: NA | DY66: NA | DZ66: NA | EA66: NA | EB66: NA | EC66: NA | ED66: NA | EE66: NA | EF66: NA | EG66: NA | EH66: NA | EI66: NA | EJ66: NA | EK66: NA | EL66: NA | EM66: NA | EN66: NA | EO66: NA | EP66: NA | EQ66: NA | ER66: NA | ES66: NA | ET66: NA | EU66: NA | EV66: NA | EW66: NA | EX66: NA | EY66: NA | EZ66: NA | FA66: NA | FB66: NA | FC66: NA | FD66: NA | FE66: NA | FF66: NA | FG66: NA | FH66: NA | FI66: NA | FJ66: NA | FK66: NA | FL66: NA | FM66: NA | FN66: NA | FO66: NA | FP66: NA | FQ66: NA | FR66: NA | FS66: NA | FT66: NA | FU66: NA | FV66: NA | FW66: NA | FX66: NA | FY66: NA | FZ66: NA | GA66: NA | GB66: NA | GC66: NA | GD66: NA | GE66: NA | GF66: NA | GG66: NA | GH66: NA | GI66: NA | GJ66: NA | GK66: NA | GL66: NA | GM66: NA | GN66: NA | GO66: NA | GP66: NA | GQ66: NA | GR66: NA | GS66: NA | GT66: NA | GU66: NA | GV66: NA | GW66: NA | GX66: NA | GY66: NA | GZ66: NA | HA66: NA | HB66: NA | HC66: NA | HD66: NA | HE66: NA | HF66: NA | HG66: NA | HH66: NA | HI66: NA | HJ66: NA | HK66: NA | HL66: NA | HM66: NA | HN66: NA | HO66: NA | HP66: NA | HQ66: NA | HR66: NA | HS66: NA | HT66: NA | HU66: NA | HV66: NA | HW66: NA | HX66: NA | HY66: NA | HZ66: NA | IA66: NA | IB66: NA | IC66: NA | ID66: NA | IE66: NA | IF66: NA | IG66: NA | IH66: NA | II66: NA | IJ66: NA | IK66: NA | IL66: NA | IM66: NA | IN66: NA | IO66: NA | IP66: NA | IQ66: NA | IR66: NA | IS66: NA | IT66: NA | IU66: NA | IV66: NA
A67: 1 | B67: Yolo Bypass | C67: Turbidity | D67: Secchi Depth (cm) | E67: =IBMR_Baseline!E65-IBMR_Baseline!E65*'AWC effects_turbidity'!$D$22 -> 43.401122 | F67: =IBMR_Baseline!F65-IBMR_Baseline!F65*'AWC effects_turbidity'!$D$22 -> 14.467041 | G67: =IBMR_Baseline!G65-IBMR_Baseline!G65*'AWC effects_turbidity'!$D$22 -> 17.559957 | H67: =IBMR_Baseline!H65-IBMR_Baseline!H65*'AWC effects_turbidity'!$D$22 -> 28.934081 | I67: =IBMR_Baseline!I65-IBMR_Baseline!I65*'AWC effects_turbidity'!$D$22 -> 24.413131 | J67: =IBMR_Baseline!J65-IBMR_Baseline!J65*'AWC effects_turbidity'!$D$22 -> 28.029891 | K67: =IBMR_Baseline!K65-IBMR_Baseline!K65*'AWC effects_turbidity'!$D$22 -> 23.508941 | L67: =IBMR_Baseline!L65-IBMR_Baseline!L65*'AWC effects_turbidity'!$D$22 -> 24.413131 | ... IJ67: =IBMR_Baseline!IJ65-IBMR_Baseline!IJ65*'AWC effects_turbidity'!$D$22 -> 24.714528 | IK67: NA | IL67: NA | IM67: NA | IN67: NA | IO67: NA | IP67: NA | IQ67: NA | IR67: NA | IS67: NA | IT67: NA | IU67: NA | IV67: NA
A68: 2 | B68: Upper Sacramento | C68: Turbidity | D68: Secchi Depth (cm) | E68: NA | F68: NA | G68: NA | H68: NA | I68: NA | J68: NA | K68: NA | L68: NA | M68: NA | N68: NA | O68: NA | P68: NA | Q68: NA | R68: NA | S68: NA | T68: NA | U68: NA | V68: NA | W68: NA | X68: NA | Y68: NA | Z68: NA | AA68: NA | AB68: NA | AC68: NA | AD68: NA | AE68: NA | AF68: NA | AG68: NA | AH68: NA | AI68: NA | AJ68: NA | AK68: NA | AL68: NA | AM68: NA | AN68: NA | AO68: NA | AP68: NA | AQ68: NA | AR68: NA | AS68: NA | AT68: NA | AU68: NA | AV68: NA | AW68: NA | AX68: NA | AY68: NA | AZ68: NA | BA68: NA | BB68: NA | BC68: NA | BD68: NA | BE68: NA | BF68: NA | BG68: NA | BH68: NA | BI68: NA | BJ68: NA | BK68: NA | BL68: NA | BM68: NA | BN68: NA | BO68: NA | BP68: NA | BQ68: NA | BR68: NA | BS68: NA | BT68: NA | BU68: NA | BV68: NA | BW68: NA | BX68: NA | BY68: NA | BZ68: NA | CA68: NA | CB68: NA | CC68: NA | CD68: NA | CE68: NA | CF68: NA | CG68: NA | CH68: NA | CI68: NA | CJ68: NA | CK68: NA | CL68: NA | CM68: NA | CN68: NA | CO68: NA | CP68: NA | CQ68: NA | CR68: NA | CS68: NA | CT68: NA | CU68: NA | CV68: NA | CW68: NA | CX68: NA | CY68: NA | CZ68: NA | DA68: NA | DB68: NA | DC68: NA | DD68: NA | DE68: NA | DF68: NA | DG68: NA | DH68: NA | DI68: NA | DJ68: NA | DK68: NA | DL68: NA | DM68: NA | DN68: NA | DO68: NA | DP68: NA | DQ68: NA | DR68: NA | DS68: NA | DT68: NA | DU68: NA | DV68: NA | DW68: NA | DX68: NA | DY68: NA | DZ68: NA | EA68: NA | EB68: NA | EC68: NA | ED68: NA | EE68: NA | EF68: NA | EG68: NA | EH68: NA | EI68: NA | EJ68: NA | EK68: NA | EL68: NA | EM68: NA | EN68: NA | EO68: NA | EP68: NA | EQ68: NA | ER68: NA | ES68: NA | ET68: NA | EU68: NA | EV68: NA | EW68: NA | EX68: NA | EY68: NA | EZ68: NA | FA68: NA | FB68: NA | FC68: NA | FD68: NA | FE68: NA | FF68: NA | FG68: NA | FH68: NA | FI68: NA | FJ68: NA | FK68: NA | FL68: NA | FM68: NA | FN68: NA | FO68: NA | FP68: NA | FQ68: NA | FR68: NA | FS68: NA | FT68: NA | FU68: NA | FV68: NA | FW68: NA | FX68: NA | FY68: NA | FZ68: NA | GA68: NA | GB68: NA | GC68: NA | GD68: NA | GE68: NA | GF68: NA | GG68: NA | GH68: NA | GI68: NA | GJ68: NA | GK68: NA | GL68: NA | GM68: NA | GN68: NA | GO68: NA | GP68: NA | GQ68: NA | GR68: NA | GS68: NA | GT68: NA | GU68: NA | GV68: NA | GW68: NA | GX68: NA | GY68: NA | GZ68: NA | HA68: NA | HB68: NA | HC68: NA | HD68: NA | HE68: NA | HF68: NA | HG68: NA | HH68: NA | HI68: NA | HJ68: NA | HK68: NA | HL68: NA | HM68: NA | HN68: NA | HO68: NA | HP68: NA | HQ68: NA | HR68: NA | HS68: NA | HT68: NA | HU68: NA | HV68: NA | HW68: NA | HX68: NA | HY68: NA | HZ68: NA | IA68: NA | IB68: NA | IC68: NA | ID68: NA | IE68: NA | IF68: NA | IG68: NA | IH68: NA | II68: NA | IJ68: NA | IK68: NA | IL68: NA | IM68: NA | IN68: NA | IO68: NA | IP68: NA | IQ68: NA | IR68: NA | IS68: NA | IT68: NA | IU68: NA | IV68: NA
A69: 3 | B69: South Delta | C69: Turbidity | D69: Secchi Depth (cm) | E69: NA | F69: NA | G69: NA | H69: NA | I69: NA | J69: NA | K69: NA | L69: NA | M69: NA | N69: NA | O69: NA | P69: NA | Q69: NA | R69: NA | S69: NA | T69: NA | U69: NA | V69: NA | W69: NA | X69: NA | Y69: NA | Z69: NA | AA69: NA | AB69: NA | AC69: NA | AD69: NA | AE69: NA | AF69: NA | AG69: NA | AH69: NA | AI69: NA | AJ69: NA | AK69: NA | AL69: NA | AM69: NA | AN69: NA | AO69: NA | AP69: NA | AQ69: NA | AR69: NA | AS69: NA | AT69: NA | AU69: NA | AV69: NA | AW69: NA | AX69: NA | AY69: NA | AZ69: NA | BA69: NA | BB69: NA | BC69: NA | BD69: NA | BE69: NA | BF69: NA | BG69: NA | BH69: NA | BI69: NA | BJ69: NA | BK69: NA | BL69: NA | BM69: NA | BN69: NA | BO69: NA | BP69: NA | BQ69: NA | BR69: NA | BS69: NA | BT69: NA | BU69: NA | BV69: NA | BW69: NA | BX69: NA | BY69: NA | BZ69: NA | CA69: NA | CB69: NA | CC69: NA | CD69: NA | CE69: NA | CF69: NA | CG69: NA | CH69: NA | CI69: NA | CJ69: NA | CK69: NA | CL69: NA | CM69: NA | CN69: NA | CO69: NA | CP69: NA | CQ69: NA | CR69: NA | CS69: NA | CT69: NA | CU69: NA | CV69: NA | CW69: NA | CX69: NA | CY69: NA | CZ69: NA | DA69: NA | DB69: NA | DC69: NA | DD69: NA | DE69: NA | DF69: NA | DG69: NA | DH69: NA | DI69: NA | DJ69: NA | DK69: NA | DL69: NA | DM69: NA | DN69: NA | DO69: NA | DP69: NA | DQ69: NA | DR69: NA | DS69: NA | DT69: NA | DU69: NA | DV69: NA | DW69: NA | DX69: NA | DY69: NA | DZ69: NA | EA69: NA | EB69: NA | EC69: NA | ED69: NA | EE69: NA | EF69: NA | EG69: NA | EH69: NA | EI69: NA | EJ69: NA | EK69: NA | EL69: NA | EM69: NA | EN69: NA | EO69: NA | EP69: NA | EQ69: NA | ER69: NA | ES69: NA | ET69: NA | EU69: NA | EV69: NA | EW69: NA | EX69: NA | EY69: NA | EZ69: NA | FA69: NA | FB69: NA | FC69: NA | FD69: NA | FE69: NA | FF69: NA | FG69: NA | FH69: NA | FI69: NA | FJ69: NA | FK69: NA | FL69: NA | FM69: NA | FN69: NA | FO69: NA | FP69: NA | FQ69: NA | FR69: NA | FS69: NA | FT69: NA | FU69: NA | FV69: NA | FW69: NA | FX69: NA | FY69: NA | FZ69: NA | GA69: NA | GB69: NA | GC69: NA | GD69: NA | GE69: NA | GF69: NA | GG69: NA | GH69: NA | GI69: NA | GJ69: NA | GK69: NA | GL69: NA | GM69: NA | GN69: NA | GO69: NA | GP69: NA | GQ69: NA | GR69: NA | GS69: NA | GT69: NA | GU69: NA | GV69: NA | GW69: NA | GX69: NA | GY69: NA | GZ69: NA | HA69: NA | HB69: NA | HC69: NA | HD69: NA | HE69: NA | HF69: NA | HG69: NA | HH69: NA | HI69: NA | HJ69: NA | HK69: NA | HL69: NA | HM69: NA | HN69: NA | HO69: NA | HP69: NA | HQ69: NA | HR69: NA | HS69: NA | HT69: NA | HU69: NA | HV69: NA | HW69: NA | HX69: NA | HY69: NA | HZ69: NA | IA69: NA | IB69: NA | IC69: NA | ID69: NA | IE69: NA | IF69: NA | IG69: NA | IH69: NA | II69: NA | IJ69: NA | IK69: NA | IL69: NA | IM69: NA | IN69: NA | IO69: NA | IP69: NA | IQ69: NA | IR69: NA | IS69: NA | IT69: NA | IU69: NA | IV69: NA
A70: 4 | B70: East Delta | C70: Turbidity | D70: Secchi Depth (cm) | E70: NA | F70: NA | G70: NA | H70: NA | I70: NA | J70: NA | K70: NA | L70: NA | M70: NA | N70: NA | O70: NA | P70: NA | Q70: NA | R70: NA | S70: NA | T70: NA | U70: NA | V70: NA | W70: NA | X70: NA | Y70: NA | Z70: NA | AA70: NA | AB70: NA | AC70: NA | AD70: NA | AE70: NA | AF70: NA | AG70: NA | AH70: NA | AI70: NA | AJ70: NA | AK70: NA | AL70: NA | AM70: NA | AN70: NA | AO70: NA | AP70: NA | AQ70: NA | AR70: NA | AS70: NA | AT70: NA | AU70: NA | AV70: NA | AW70: NA | AX70: NA | AY70: NA | AZ70: NA | BA70: NA | BB70: NA | BC70: NA | BD70: NA | BE70: NA | BF70: NA | BG70: NA | BH70: NA | BI70: NA | BJ70: NA | BK70: NA | BL70: NA | BM70: NA | BN70: NA | BO70: NA | BP70: NA | BQ70: NA | BR70: NA | BS70: NA | BT70: NA | BU70: NA | BV70: NA | BW70: NA | BX70: NA | BY70: NA | BZ70: NA | CA70: NA | CB70: NA | CC70: NA | CD70: NA | CE70: NA | CF70: NA | CG70: NA | CH70: NA | CI70: NA | CJ70: NA | CK70: NA | CL70: NA | CM70: NA | CN70: NA | CO70: NA | CP70: NA | CQ70: NA | CR70: NA | CS70: NA | CT70: NA | CU70: NA | CV70: NA | CW70: NA | CX70: NA | CY70: NA | CZ70: NA | DA70: NA | DB70: NA | DC70: NA | DD70: NA | DE70: NA | DF70: NA | DG70: NA | DH70: NA | DI70: NA | DJ70: NA | DK70: NA | DL70: NA | DM70: NA | DN70: NA | DO70: NA | DP70: NA | DQ70: NA | DR70: NA | DS70: NA | DT70: NA | DU70: NA | DV70: NA | DW70: NA | DX70: NA | DY70: NA | DZ70: NA | EA70: NA | EB70: NA | EC70: NA | ED70: NA | EE70: NA | EF70: NA | EG70: NA | EH70: NA | EI70: NA | EJ70: NA | EK70: NA | EL70: NA | EM70: NA | EN70: NA | EO70: NA | EP70: NA | EQ70: NA | ER70: NA | ES70: NA | ET70: NA | EU70: NA | EV70: NA | EW70: NA | EX70: NA | EY70: NA | EZ70: NA | FA70: NA | FB70: NA | FC70: NA | FD70: NA | FE70: NA | FF70: NA | FG70: NA | FH70: NA | FI70: NA | FJ70: NA | FK70: NA | FL70: NA | FM70: NA | FN70: NA | FO70: NA | FP70: NA | FQ70: NA | FR70: NA | FS70: NA | FT70: NA | FU70: NA | FV70: NA | FW70: NA | FX70: NA | FY70: NA | FZ70: NA | GA70: NA | GB70: NA | GC70: NA | GD70: NA | GE70: NA | GF70: NA | GG70: NA | GH70: NA | GI70: NA | GJ70: NA | GK70: NA | GL70: NA | GM70: NA | GN70: NA | GO70: NA | GP70: NA | GQ70: NA | GR70: NA | GS70: NA | GT70: NA | GU70: NA | GV70: NA | GW70: NA | GX70: NA | GY70: NA | GZ70: NA | HA70: NA | HB70: NA | HC70: NA | HD70: NA | HE70: NA | HF70: NA | HG70: NA | HH70: NA | HI70: NA | HJ70: NA | HK70: NA | HL70: NA | HM70: NA | HN70: NA | HO70: NA | HP70: NA | HQ70: NA | HR70: NA | HS70: NA | HT70: NA | HU70: NA | HV70: NA | HW70: NA | HX70: NA | HY70: NA | HZ70: NA | IA70: NA | IB70: NA | IC70: NA | ID70: NA | IE70: NA | IF70: NA | IG70: NA | IH70: NA | II70: NA | IJ70: NA | IK70: NA | IL70: NA | IM70: NA | IN70: NA | IO70: NA | IP70: NA | IQ70: NA | IR70: NA | IS70: NA | IT70: NA | IU70: NA | IV70: NA
A71: 5 | B71: Lower Sacramento | C71: Turbidity | D71: Secchi Depth (cm) | E71: NA | F71: NA | G71: NA | H71: NA | I71: NA | J71: NA | K71: NA | L71: NA | M71: NA | N71: NA | O71: NA | P71: NA | Q71: NA | R71: NA | S71: NA | T71: NA | U71: NA | V71: NA | W71: NA | X71: NA | Y71: NA | Z71: NA | AA71: NA | AB71: NA | AC71: NA | AD71: NA | AE71: NA | AF71: NA | AG71: NA | AH71: NA | AI71: NA | AJ71: NA | AK71: NA | AL71: NA | AM71: NA | AN71: NA | AO71: NA | AP71: NA | AQ71: NA | AR71: NA | AS71: NA | AT71: NA | AU71: NA | AV71: NA | AW71: NA | AX71: NA | AY71: NA | AZ71: NA | BA71: NA | BB71: NA | BC71: NA | BD71: NA | BE71: NA | BF71: NA | BG71: NA | BH71: NA | BI71: NA | BJ71: NA | BK71: NA | BL71: NA | BM71: NA | BN71: NA | BO71: NA | BP71: NA | BQ71: NA | BR71: NA | BS71: NA | BT71: NA | BU71: NA | BV71: NA | BW71: NA | BX71: NA | BY71: NA | BZ71: NA | CA71: NA | CB71: NA | CC71: NA | CD71: NA | CE71: NA | CF71: NA | CG71: NA | CH71: NA | CI71: NA | CJ71: NA | CK71: NA | CL71: NA | CM71: NA | CN71: NA | CO71: NA | CP71: NA | CQ71: NA | CR71: NA | CS71: NA | CT71: NA | CU71: NA | CV71: NA | CW71: NA | CX71: NA | CY71: NA | CZ71: NA | DA71: NA | DB71: NA | DC71: NA | DD71: NA | DE71: NA | DF71: NA | DG71: NA | DH71: NA | DI71: NA | DJ71: NA | DK71: NA | DL71: NA | DM71: NA | DN71: NA | DO71: NA | DP71: NA | DQ71: NA | DR71: NA | DS71: NA | DT71: NA | DU71: NA | DV71: NA | DW71: NA | DX71: NA | DY71: NA | DZ71: NA | EA71: NA | EB71: NA | EC71: NA | ED71: NA | EE71: NA | EF71: NA | EG71: NA | EH71: NA | EI71: NA | EJ71: NA | EK71: NA | EL71: NA | EM71: NA | EN71: NA | EO71: NA | EP71: NA | EQ71: NA | ER71: NA | ES71: NA | ET71: NA | EU71: NA | EV71: NA | EW71: NA | EX71: NA | EY71: NA | EZ71: NA | FA71: NA | FB71: NA | FC71: NA | FD71: NA | FE71: NA | FF71: NA | FG71: NA | FH71: NA | FI71: NA | FJ71: NA | FK71: NA | FL71: NA | FM71: NA | FN71: NA | FO71: NA | FP71: NA | FQ71: NA | FR71: NA | FS71: NA | FT71: NA | FU71: NA | FV71: NA | FW71: NA | FX71: NA | FY71: NA | FZ71: NA | GA71: NA | GB71: NA | GC71: NA | GD71: NA | GE71: NA | GF71: NA | GG71: NA | GH71: NA | GI71: NA | GJ71: NA | GK71: NA | GL71: NA | GM71: NA | GN71: NA | GO71: NA | GP71: NA | GQ71: NA | GR71: NA | GS71: NA | GT71: NA | GU71: NA | GV71: NA | GW71: NA | GX71: NA | GY71: NA | GZ71: NA | HA71: NA | HB71: NA | HC71: NA | HD71: NA | HE71: NA | HF71: NA | HG71: NA | HH71: NA | HI71: NA | HJ71: NA | HK71: NA | HL71: NA | HM71: NA | HN71: NA | HO71: NA | HP71: NA | HQ71: NA | HR71: NA | HS71: NA | HT71: NA | HU71: NA | HV71: NA | HW71: NA | HX71: NA | HY71: NA | HZ71: NA | IA71: NA | IB71: NA | IC71: NA | ID71: NA | IE71: NA | IF71: NA | IG71: NA | IH71: NA | II71: NA | IJ71: NA | IK71: NA | IL71: NA | IM71: NA | IN71: NA | IO71: NA | IP71: NA | IQ71: NA | IR71: NA | IS71: NA | IT71: NA | IU71: NA | IV71: NA
A72: 6 | B72: Lower San Joaquin | C72: Turbidity | D72: Secchi Depth (cm) | E72: NA | F72: NA | G72: NA | H72: NA | I72: NA | J72: NA | K72: NA | L72: NA | M72: NA | N72: NA | O72: NA | P72: NA | Q72: NA | R72: NA | S72: NA | T72: NA | U72: NA | V72: NA | W72: NA | X72: NA | Y72: NA | Z72: NA | AA72: NA | AB72: NA | AC72: NA | AD72: NA | AE72: NA | AF72: NA | AG72: NA | AH72: NA | AI72: NA | AJ72: NA | AK72: NA | AL72: NA | AM72: NA | AN72: NA | AO72: NA | AP72: NA | AQ72: NA | AR72: NA | AS72: NA | AT72: NA | AU72: NA | AV72: NA | AW72: NA | AX72: NA | AY72: NA | AZ72: NA | BA72: NA | BB72: NA | BC72: NA | BD72: NA | BE72: NA | BF72: NA | BG72: NA | BH72: NA | BI72: NA | BJ72: NA | BK72: NA | BL72: NA | BM72: NA | BN72: NA | BO72: NA | BP72: NA | BQ72: NA | BR72: NA | BS72: NA | BT72: NA | BU72: NA | BV72: NA | BW72: NA | BX72: NA | BY72: NA | BZ72: NA | CA72: NA | CB72: NA | CC72: NA | CD72: NA | CE72: NA | CF72: NA | CG72: NA | CH72: NA | CI72: NA | CJ72: NA | CK72: NA | CL72: NA | CM72: NA | CN72: NA | CO72: NA | CP72: NA | CQ72: NA | CR72: NA | CS72: NA | CT72: NA | CU72: NA | CV72: NA | CW72: NA | CX72: NA | CY72: NA | CZ72: NA | DA72: NA | DB72: NA | DC72: NA | DD72: NA | DE72: NA | DF72: NA | DG72: NA | DH72: NA | DI72: NA | DJ72: NA | DK72: NA | DL72: NA | DM72: NA | DN72: NA | DO72: NA | DP72: NA | DQ72: NA | DR72: NA | DS72: NA | DT72: NA | DU72: NA | DV72: NA | DW72: NA | DX72: NA | DY72: NA | DZ72: NA | EA72: NA | EB72: NA | EC72: NA | ED72: NA | EE72: NA | EF72: NA | EG72: NA | EH72: NA | EI72: NA | EJ72: NA | EK72: NA | EL72: NA | EM72: NA | EN72: NA | EO72: NA | EP72: NA | EQ72: NA | ER72: NA | ES72: NA | ET72: NA | EU72: NA | EV72: NA | EW72: NA | EX72: NA | EY72: NA | EZ72: NA | FA72: NA | FB72: NA | FC72: NA | FD72: NA | FE72: NA | FF72: NA | FG72: NA | FH72: NA | FI72: NA | FJ72: NA | FK72: NA | FL72: NA | FM72: NA | FN72: NA | FO72: NA | FP72: NA | FQ72: NA | FR72: NA | FS72: NA | FT72: NA | FU72: NA | FV72: NA | FW72: NA | FX72: NA | FY72: NA | FZ72: NA | GA72: NA | GB72: NA | GC72: NA | GD72: NA | GE72: NA | GF72: NA | GG72: NA | GH72: NA | GI72: NA | GJ72: NA | GK72: NA | GL72: NA | GM72: NA | GN72: NA | GO72: NA | GP72: NA | GQ72: NA | GR72: NA | GS72: NA | GT72: NA | GU72: NA | GV72: NA | GW72: NA | GX72: NA | GY72: NA | GZ72: NA | HA72: NA | HB72: NA | HC72: NA | HD72: NA | HE72: NA | HF72: NA | HG72: NA | HH72: NA | HI72: NA | HJ72: NA | HK72: NA | HL72: NA | HM72: NA | HN72: NA | HO72: NA | HP72: NA | HQ72: NA | HR72: NA | HS72: NA | HT72: NA | HU72: NA | HV72: NA | HW72: NA | HX72: NA | HY72: NA | HZ72: NA | IA72: NA | IB72: NA | IC72: NA | ID72: NA | IE72: NA | IF72: NA | IG72: NA | IH72: NA | II72: NA | IJ72: NA | IK72: NA | IL72: NA | IM72: NA | IN72: NA | IO72: NA | IP72: NA | IQ72: NA | IR72: NA | IS72: NA | IT72: NA | IU72: NA | IV72: NA
A73: 7 | B73: Confluence | C73: Turbidity | D73: Secchi Depth (cm) | E73: NA | F73: NA | G73: NA | H73: NA | I73: NA | J73: NA | K73: NA | L73: NA | M73: NA | N73: NA | O73: NA | P73: NA | Q73: NA | R73: NA | S73: NA | T73: NA | U73: NA | V73: NA | W73: NA | X73: NA | Y73: NA | Z73: NA | AA73: NA | AB73: NA | AC73: NA | AD73: NA | AE73: NA | AF73: NA | AG73: NA | AH73: NA | AI73: NA | AJ73: NA | AK73: NA | AL73: NA | AM73: NA | AN73: NA | AO73: NA | AP73: NA | AQ73: NA | AR73: NA | AS73: NA | AT73: NA | AU73: NA | AV73: NA | AW73: NA | AX73: NA | AY73: NA | AZ73: NA | BA73: NA | BB73: NA | BC73: NA | BD73: NA | BE73: NA | BF73: NA | BG73: NA | BH73: NA | BI73: NA | BJ73: NA | BK73: NA | BL73: NA | BM73: NA | BN73: NA | BO73: NA | BP73: NA | BQ73: NA | BR73: NA | BS73: NA | BT73: NA | BU73: NA | BV73: NA | BW73: NA | BX73: NA | BY73: NA | BZ73: NA | CA73: NA | CB73: NA | CC73: NA | CD73: NA | CE73: NA | CF73: NA | CG73: NA | CH73: NA | CI73: NA | CJ73: NA | CK73: NA | CL73: NA | CM73: NA | CN73: NA | CO73: NA | CP73: NA | CQ73: NA | CR73: NA | CS73: NA | CT73: NA | CU73: NA | CV73: NA | CW73: NA | CX73: NA | CY73: NA | CZ73: NA | DA73: NA | DB73: NA | DC73: NA | DD73: NA | DE73: NA | DF73: NA | DG73: NA | DH73: NA | DI73: NA | DJ73: NA | DK73: NA | DL73: NA | DM73: NA | DN73: NA | DO73: NA | DP73: NA | DQ73: NA | DR73: NA | DS73: NA | DT73: NA | DU73: NA | DV73: NA | DW73: NA | DX73: NA | DY73: NA | DZ73: NA | EA73: NA | EB73: NA | EC73: NA | ED73: NA | EE73: NA | EF73: NA | EG73: NA | EH73: NA | EI73: NA | EJ73: NA | EK73: NA | EL73: NA | EM73: NA | EN73: NA | EO73: NA | EP73: NA | EQ73: NA | ER73: NA | ES73: NA | ET73: NA | EU73: NA | EV73: NA | EW73: NA | EX73: NA | EY73: NA | EZ73: NA | FA73: NA | FB73: NA | FC73: NA | FD73: NA | FE73: NA | FF73: NA | FG73: NA | FH73: NA | FI73: NA | FJ73: NA | FK73: NA | FL73: NA | FM73: NA | FN73: NA | FO73: NA | FP73: NA | FQ73: NA | FR73: NA | FS73: NA | FT73: NA | FU73: NA | FV73: NA | FW73: NA | FX73: NA | FY73: NA | FZ73: NA | GA73: NA | GB73: NA | GC73: NA | GD73: NA | GE73: NA | GF73: NA | GG73: NA | GH73: NA | GI73: NA | GJ73: NA | GK73: NA | GL73: NA | GM73: NA | GN73: NA | GO73: NA | GP73: NA | GQ73: NA | GR73: NA | GS73: NA | GT73: NA | GU73: NA | GV73: NA | GW73: NA | GX73: NA | GY73: NA | GZ73: NA | HA73: NA | HB73: NA | HC73: NA | HD73: NA | HE73: NA | HF73: NA | HG73: NA | HH73: NA | HI73: NA | HJ73: NA | HK73: NA | HL73: NA | HM73: NA | HN73: NA | HO73: NA | HP73: NA | HQ73: NA | HR73: NA | HS73: NA | HT73: NA | HU73: NA | HV73: NA | HW73: NA | HX73: NA | HY73: NA | HZ73: NA | IA73: NA | IB73: NA | IC73: NA | ID73: NA | IE73: NA | IF73: NA | IG73: NA | IH73: NA | II73: NA | IJ73: NA | IK73: NA | IL73: NA | IM73: NA | IN73: NA | IO73: NA | IP73: NA | IQ73: NA | IR73: NA | IS73: NA | IT73: NA | IU73: NA | IV73: NA
A74: 8 | B74: South Suisun East | C74: Turbidity | D74: Secchi Depth (cm) | E74: NA | F74: NA | G74: NA | H74: NA | I74: NA | J74: NA | K74: NA | L74: NA | M74: NA | N74: NA | O74: NA | P74: NA | Q74: NA | R74: NA | S74: NA | T74: NA | U74: NA | V74: NA | W74: NA | X74: NA | Y74: NA | Z74: NA | AA74: NA | AB74: NA | AC74: NA | AD74: NA | AE74: NA | AF74: NA | AG74: NA | AH74: NA | AI74: NA | AJ74: NA | AK74: NA | AL74: NA | AM74: NA | AN74: NA | AO74: NA | AP74: NA | AQ74: NA | AR74: NA | AS74: NA | AT74: NA | AU74: NA | AV74: NA | AW74: NA | AX74: NA | AY74: NA | AZ74: NA | BA74: NA | BB74: NA | BC74: NA | BD74: NA | BE74: NA | BF74: NA | BG74: NA | BH74: NA | BI74: NA | BJ74: NA | BK74: NA | BL74: NA | BM74: NA | BN74: NA | BO74: NA | BP74: NA | BQ74: NA | BR74: NA | BS74: NA | BT74: NA | BU74: NA | BV74: NA | BW74: NA | BX74: NA | BY74: NA | BZ74: NA | CA74: NA | CB74: NA | CC74: NA | CD74: NA | CE74: NA | CF74: NA | CG74: NA | CH74: NA | CI74: NA | CJ74: NA | CK74: NA | CL74: NA | CM74: NA | CN74: NA | CO74: NA | CP74: NA | CQ74: NA | CR74: NA | CS74: NA | CT74: NA | CU74: NA | CV74: NA | CW74: NA | CX74: NA | CY74: NA | CZ74: NA | DA74: NA | DB74: NA | DC74: NA | DD74: NA | DE74: NA | DF74: NA | DG74: NA | DH74: NA | DI74: NA | DJ74: NA | DK74: NA | DL74: NA | DM74: NA | DN74: NA | DO74: NA | DP74: NA | DQ74: NA | DR74: NA | DS74: NA | DT74: NA | DU74: NA | DV74: NA | DW74: NA | DX74: NA | DY74: NA | DZ74: NA | EA74: NA | EB74: NA | EC74: NA | ED74: NA | EE74: NA | EF74: NA | EG74: NA | EH74: NA | EI74: NA | EJ74: NA | EK74: NA | EL74: NA | EM74: NA | EN74: NA | EO74: NA | EP74: NA | EQ74: NA | ER74: NA | ES74: NA | ET74: NA | EU74: NA | EV74: NA | EW74: NA | EX74: NA | EY74: NA | EZ74: NA | FA74: NA | FB74: NA | FC74: NA | FD74: NA | FE74: NA | FF74: NA | FG74: NA | FH74: NA | FI74: NA | FJ74: NA | FK74: NA | FL74: NA | FM74: NA | FN74: NA | FO74: NA | FP74: NA | FQ74: NA | FR74: NA | FS74: NA | FT74: NA | FU74: NA | FV74: NA | FW74: NA | FX74: NA | FY74: NA | FZ74: NA | GA74: NA | GB74: NA | GC74: NA | GD74: NA | GE74: NA | GF74: NA | GG74: NA | GH74: NA | GI74: NA | GJ74: NA | GK74: NA | GL74: NA | GM74: NA | GN74: NA | GO74: NA | GP74: NA | GQ74: NA | GR74: NA | GS74: NA | GT74: NA | GU74: NA | GV74: NA | GW74: NA | GX74: NA | GY74: NA | GZ74: NA | HA74: NA | HB74: NA | HC74: NA | HD74: NA | HE74: NA | HF74: NA | HG74: NA | HH74: NA | HI74: NA | HJ74: NA | HK74: NA | HL74: NA | HM74: NA | HN74: NA | HO74: NA | HP74: NA | HQ74: NA | HR74: NA | HS74: NA | HT74: NA | HU74: NA | HV74: NA | HW74: NA | HX74: NA | HY74: NA | HZ74: NA | IA74: NA | IB74: NA | IC74: NA | ID74: NA | IE74: NA | IF74: NA | IG74: NA | IH74: NA | II74: NA | IJ74: NA | IK74: NA | IL74: NA | IM74: NA | IN74: NA | IO74: NA | IP74: NA | IQ74: NA | IR74: NA | IS74: NA | IT74: NA | IU74: NA | IV74: NA
A75: 9 | B75: North Suisun East | C75: Turbidity | D75: Secchi Depth (cm) | E75: NA | F75: NA | G75: NA | H75: NA | I75: NA | J75: NA | K75: NA | L75: NA | M75: NA | N75: NA | O75: NA | P75: NA | Q75: NA | R75: NA | S75: NA | T75: NA | U75: NA | V75: NA | W75: NA | X75: NA | Y75: NA | Z75: NA | AA75: NA | AB75: NA | AC75: NA | AD75: NA | AE75: NA | AF75: NA | AG75: NA | AH75: NA | AI75: NA | AJ75: NA | AK75: NA | AL75: NA | AM75: NA | AN75: NA | AO75: NA | AP75: NA | AQ75: NA | AR75: NA | AS75: NA | AT75: NA | AU75: NA | AV75: NA | AW75: NA | AX75: NA | AY75: NA | AZ75: NA | BA75: NA | BB75: NA | BC75: NA | BD75: NA | BE75: NA | BF75: NA | BG75: NA | BH75: NA | BI75: NA | BJ75: NA | BK75: NA | BL75: NA | BM75: NA | BN75: NA | BO75: NA | BP75: NA | BQ75: NA | BR75: NA | BS75: NA | BT75: NA | BU75: NA | BV75: NA | BW75: NA | BX75: NA | BY75: NA | BZ75: NA | CA75: NA | CB75: NA | CC75: NA | CD75: NA | CE75: NA | CF75: NA | CG75: NA | CH75: NA | CI75: NA | CJ75: NA | CK75: NA | CL75: NA | CM75: NA | CN75: NA | CO75: NA | CP75: NA | CQ75: NA | CR75: NA | CS75: NA | CT75: NA | CU75: NA | CV75: NA | CW75: NA | CX75: NA | CY75: NA | CZ75: NA | DA75: NA | DB75: NA | DC75: NA | DD75: NA | DE75: NA | DF75: NA | DG75: NA | DH75: NA | DI75: NA | DJ75: NA | DK75: NA | DL75: NA | DM75: NA | DN75: NA | DO75: NA | DP75: NA | DQ75: NA | DR75: NA | DS75: NA | DT75: NA | DU75: NA | DV75: NA | DW75: NA | DX75: NA | DY75: NA | DZ75: NA | EA75: NA | EB75: NA | EC75: NA | ED75: NA | EE75: NA | EF75: NA | EG75: NA | EH75: NA | EI75: NA | EJ75: NA | EK75: NA | EL75: NA | EM75: NA | EN75: NA | EO75: NA | EP75: NA | EQ75: NA | ER75: NA | ES75: NA | ET75: NA | EU75: NA | EV75: NA | EW75: NA | EX75: NA | EY75: NA | EZ75: NA | FA75: NA | FB75: NA | FC75: NA | FD75: NA | FE75: NA | FF75: NA | FG75: NA | FH75: NA | FI75: NA | FJ75: NA | FK75: NA | FL75: NA | FM75: NA | FN75: NA | FO75: NA | FP75: NA | FQ75: NA | FR75: NA | FS75: NA | FT75: NA | FU75: NA | FV75: NA | FW75: NA | FX75: NA | FY75: NA | FZ75: NA | GA75: NA | GB75: NA | GC75: NA | GD75: NA | GE75: NA | GF75: NA | GG75: NA | GH75: NA | GI75: NA | GJ75: NA | GK75: NA | GL75: NA | GM75: NA | GN75: NA | GO75: NA | GP75: NA | GQ75: NA | GR75: NA | GS75: NA | GT75: NA | GU75: NA | GV75: NA | GW75: NA | GX75: NA | GY75: NA | GZ75: NA | HA75: NA | HB75: NA | HC75: NA | HD75: NA | HE75: NA | HF75: NA | HG75: NA | HH75: NA | HI75: NA | HJ75: NA | HK75: NA | HL75: NA | HM75: NA | HN75: NA | HO75: NA | HP75: NA | HQ75: NA | HR75: NA | HS75: NA | HT75: NA | HU75: NA | HV75: NA | HW75: NA | HX75: NA | HY75: NA | HZ75: NA | IA75: NA | IB75: NA | IC75: NA | ID75: NA | IE75: NA | IF75: NA | IG75: NA | IH75: NA | II75: NA | IJ75: NA | IK75: NA | IL75: NA | IM75: NA | IN75: NA | IO75: NA | IP75: NA | IQ75: NA | IR75: NA | IS75: NA | IT75: NA | IU75: NA | IV75: NA
A76: 10 | B76: Suisun Marsh | C76: Turbidity | D76: Secchi Depth (cm) | E76: NA | F76: NA | G76: NA | H76: NA | I76: NA | J76: NA | K76: NA | L76: NA | M76: NA | N76: NA | O76: NA | P76: NA | Q76: NA | R76: NA | S76: NA | T76: NA | U76: NA | V76: NA | W76: NA | X76: NA | Y76: NA | Z76: NA | AA76: NA | AB76: NA | AC76: NA | AD76: NA | AE76: NA | AF76: NA | AG76: NA | AH76: NA | AI76: NA | AJ76: NA | AK76: NA | AL76: NA | AM76: NA | AN76: NA | AO76: NA | AP76: NA | AQ76: NA | AR76: NA | AS76: NA | AT76: NA | AU76: NA | AV76: NA | AW76: NA | AX76: NA | AY76: NA | AZ76: NA | BA76: NA | BB76: NA | BC76: NA | BD76: NA | BE76: NA | BF76: NA | BG76: NA | BH76: NA | BI76: NA | BJ76: NA | BK76: NA | BL76: NA | BM76: NA | BN76: NA | BO76: NA | BP76: NA | BQ76: NA | BR76: NA | BS76: NA | BT76: NA | BU76: NA | BV76: NA | BW76: NA | BX76: NA | BY76: NA | BZ76: NA | CA76: NA | CB76: NA | CC76: NA | CD76: NA | CE76: NA | CF76: NA | CG76: NA | CH76: NA | CI76: NA | CJ76: NA | CK76: NA | CL76: NA | CM76: NA | CN76: NA | CO76: NA | CP76: NA | CQ76: NA | CR76: NA | CS76: NA | CT76: NA | CU76: NA | CV76: NA | CW76: NA | CX76: NA | CY76: NA | CZ76: NA | DA76: NA | DB76: NA | DC76: NA | DD76: NA | DE76: NA | DF76: NA | DG76: NA | DH76: NA | DI76: NA | DJ76: NA | DK76: NA | DL76: NA | DM76: NA | DN76: NA | DO76: NA | DP76: NA | DQ76: NA | DR76: NA | DS76: NA | DT76: NA | DU76: NA | DV76: NA | DW76: NA | DX76: NA | DY76: NA | DZ76: NA | EA76: NA | EB76: NA | EC76: NA | ED76: NA | EE76: NA | EF76: NA | EG76: NA | EH76: NA | EI76: NA | EJ76: NA | EK76: NA | EL76: NA | EM76: NA | EN76: NA | EO76: NA | EP76: NA | EQ76: NA | ER76: NA | ES76: NA | ET76: NA | EU76: NA | EV76: NA | EW76: NA | EX76: NA | EY76: NA | EZ76: NA | FA76: NA | FB76: NA | FC76: NA | FD76: NA | FE76: NA | FF76: NA | FG76: NA | FH76: NA | FI76: NA | FJ76: NA | FK76: NA | FL76: NA | FM76: NA | FN76: NA | FO76: NA | FP76: NA | FQ76: NA | FR76: NA | FS76: NA | FT76: NA | FU76: NA | FV76: NA | FW76: NA | FX76: NA | FY76: NA | FZ76: NA | GA76: NA | GB76: NA | GC76: NA | GD76: NA | GE76: NA | GF76: NA | GG76: NA | GH76: NA | GI76: NA | GJ76: NA | GK76: NA | GL76: NA | GM76: NA | GN76: NA | GO76: NA | GP76: NA | GQ76: NA | GR76: NA | GS76: NA | GT76: NA | GU76: NA | GV76: NA | GW76: NA | GX76: NA | GY76: NA | GZ76: NA | HA76: NA | HB76: NA | HC76: NA | HD76: NA | HE76: NA | HF76: NA | HG76: NA | HH76: NA | HI76: NA | HJ76: NA | HK76: NA | HL76: NA | HM76: NA | HN76: NA | HO76: NA | HP76: NA | HQ76: NA | HR76: NA | HS76: NA | HT76: NA | HU76: NA | HV76: NA | HW76: NA | HX76: NA | HY76: NA | HZ76: NA | IA76: NA | IB76: NA | IC76: NA | ID76: NA | IE76: NA | IF76: NA | IG76: NA | IH76: NA | II76: NA | IJ76: NA | IK76: NA | IL76: NA | IM76: NA | IN76: NA | IO76: NA | IP76: NA | IQ76: NA | IR76: NA | IS76: NA | IT76: NA | IU76: NA | IV76: NA
A77: 11 | B77: South Susuin West | C77: Turbidity | D77: Secchi Depth (cm) | E77: NA | F77: NA | G77: NA | H77: NA | I77: NA | J77: NA | K77: NA | L77: NA | M77: NA | N77: NA | O77: NA | P77: NA | Q77: NA | R77: NA | S77: NA | T77: NA | U77: NA | V77: NA | W77: NA | X77: NA | Y77: NA | Z77: NA | AA77: NA | AB77: NA | AC77: NA | AD77: NA | AE77: NA | AF77: NA | AG77: NA | AH77: NA | AI77: NA | AJ77: NA | AK77: NA | AL77: NA | AM77: NA | AN77: NA | AO77: NA | AP77: NA | AQ77: NA | AR77: NA | AS77: NA | AT77: NA | AU77: NA | AV77: NA | AW77: NA | AX77: NA | AY77: NA | AZ77: NA | BA77: NA | BB77: NA | BC77: NA | BD77: NA | BE77: NA | BF77: NA | BG77: NA | BH77: NA | BI77: NA | BJ77: NA | BK77: NA | BL77: NA | BM77: NA | BN77: NA | BO77: NA | BP77: NA | BQ77: NA | BR77: NA | BS77: NA | BT77: NA | BU77: NA | BV77: NA | BW77: NA | BX77: NA | BY77: NA | BZ77: NA | CA77: NA | CB77: NA | CC77: NA | CD77: NA | CE77: NA | CF77: NA | CG77: NA | CH77: NA | CI77: NA | CJ77: NA | CK77: NA | CL77: NA | CM77: NA | CN77: NA | CO77: NA | CP77: NA | CQ77: NA | CR77: NA | CS77: NA | CT77: NA | CU77: NA | CV77: NA | CW77: NA | CX77: NA | CY77: NA | CZ77: NA | DA77: NA | DB77: NA | DC77: NA | DD77: NA | DE77: NA | DF77: NA | DG77: NA | DH77: NA | DI77: NA | DJ77: NA | DK77: NA | DL77: NA | DM77: NA | DN77: NA | DO77: NA | DP77: NA | DQ77: NA | DR77: NA | DS77: NA | DT77: NA | DU77: NA | DV77: NA | DW77: NA | DX77: NA | DY77: NA | DZ77: NA | EA77: NA | EB77: NA | EC77: NA | ED77: NA | EE77: NA | EF77: NA | EG77: NA | EH77: NA | EI77: NA | EJ77: NA | EK77: NA | EL77: NA | EM77: NA | EN77: NA | EO77: NA | EP77: NA | EQ77: NA | ER77: NA | ES77: NA | ET77: NA | EU77: NA | EV77: NA | EW77: NA | EX77: NA | EY77: NA | EZ77: NA | FA77: NA | FB77: NA | FC77: NA | FD77: NA | FE77: NA | FF77: NA | FG77: NA | FH77: NA | FI77: NA | FJ77: NA | FK77: NA | FL77: NA | FM77: NA | FN77: NA | FO77: NA | FP77: NA | FQ77: NA | FR77: NA | FS77: NA | FT77: NA | FU77: NA | FV77: NA | FW77: NA | FX77: NA | FY77: NA | FZ77: NA | GA77: NA | GB77: NA | GC77: NA | GD77: NA | GE77: NA | GF77: NA | GG77: NA | GH77: NA | GI77: NA | GJ77: NA | GK77: NA | GL77: NA | GM77: NA | GN77: NA | GO77: NA | GP77: NA | GQ77: NA | GR77: NA | GS77: NA | GT77: NA | GU77: NA | GV77: NA | GW77: NA | GX77: NA | GY77: NA | GZ77: NA | HA77: NA | HB77: NA | HC77: NA | HD77: NA | HE77: NA | HF77: NA | HG77: NA | HH77: NA | HI77: NA | HJ77: NA | HK77: NA | HL77: NA | HM77: NA | HN77: NA | HO77: NA | HP77: NA | HQ77: NA | HR77: NA | HS77: NA | HT77: NA | HU77: NA | HV77: NA | HW77: NA | HX77: NA | HY77: NA | HZ77: NA | IA77: NA | IB77: NA | IC77: NA | ID77: NA | IE77: NA | IF77: NA | IG77: NA | IH77: NA | II77: NA | IJ77: NA | IK77: NA | IL77: NA | IM77: NA | IN77: NA | IO77: NA | IP77: NA | IQ77: NA | IR77: NA | IS77: NA | IT77: NA | IU77: NA | IV77: NA
A78: 12 | B78: North Suisun West | C78: Turbidity | D78: Secchi Depth (cm) | E78: NA | F78: NA | G78: NA | H78: NA | I78: NA | J78: NA | K78: NA | L78: NA | M78: NA | N78: NA | O78: NA | P78: NA | Q78: NA | R78: NA | S78: NA | T78: NA | U78: NA | V78: NA | W78: NA | X78: NA | Y78: NA | Z78: NA | AA78: NA | AB78: NA | AC78: NA | AD78: NA | AE78: NA | AF78: NA | AG78: NA | AH78: NA | AI78: NA | AJ78: NA | AK78: NA | AL78: NA | AM78: NA | AN78: NA | AO78: NA | AP78: NA | AQ78: NA | AR78: NA | AS78: NA | AT78: NA | AU78: NA | AV78: NA | AW78: NA | AX78: NA | AY78: NA | AZ78: NA | BA78: NA | BB78: NA | BC78: NA | BD78: NA | BE78: NA | BF78: NA | BG78: NA | BH78: NA | BI78: NA | BJ78: NA | BK78: NA | BL78: NA | BM78: NA | BN78: NA | BO78: NA | BP78: NA | BQ78: NA | BR78: NA | BS78: NA | BT78: NA | BU78: NA | BV78: NA | BW78: NA | BX78: NA | BY78: NA | BZ78: NA | CA78: NA | CB78: NA | CC78: NA | CD78: NA | CE78: NA | CF78: NA | CG78: NA | CH78: NA | CI78: NA | CJ78: NA | CK78: NA | CL78: NA | CM78: NA | CN78: NA | CO78: NA | CP78: NA | CQ78: NA | CR78: NA | CS78: NA | CT78: NA | CU78: NA | CV78: NA | CW78: NA | CX78: NA | CY78: NA | CZ78: NA | DA78: NA | DB78: NA | DC78: NA | DD78: NA | DE78: NA | DF78: NA | DG78: NA | DH78: NA | DI78: NA | DJ78: NA | DK78: NA | DL78: NA | DM78: NA | DN78: NA | DO78: NA | DP78: NA | DQ78: NA | DR78: NA | DS78: NA | DT78: NA | DU78: NA | DV78: NA | DW78: NA | DX78: NA | DY78: NA | DZ78: NA | EA78: NA | EB78: NA | EC78: NA | ED78: NA | EE78: NA | EF78: NA | EG78: NA | EH78: NA | EI78: NA | EJ78: NA | EK78: NA | EL78: NA | EM78: NA | EN78: NA | EO78: NA | EP78: NA | EQ78: NA | ER78: NA | ES78: NA | ET78: NA | EU78: NA | EV78: NA | EW78: NA | EX78: NA | EY78: NA | EZ78: NA | FA78: NA | FB78: NA | FC78: NA | FD78: NA | FE78: NA | FF78: NA | FG78: NA | FH78: NA | FI78: NA | FJ78: NA | FK78: NA | FL78: NA | FM78: NA | FN78: NA | FO78: NA | FP78: NA | FQ78: NA | FR78: NA | FS78: NA | FT78: NA | FU78: NA | FV78: NA | FW78: NA | FX78: NA | FY78: NA | FZ78: NA | GA78: NA | GB78: NA | GC78: NA | GD78: NA | GE78: NA | GF78: NA | GG78: NA | GH78: NA | GI78: NA | GJ78: NA | GK78: NA | GL78: NA | GM78: NA | GN78: NA | GO78: NA | GP78: NA | GQ78: NA | GR78: NA | GS78: NA | GT78: NA | GU78: NA | GV78: NA | GW78: NA | GX78: NA | GY78: NA | GZ78: NA | HA78: NA | HB78: NA | HC78: NA | HD78: NA | HE78: NA | HF78: NA | HG78: NA | HH78: NA | HI78: NA | HJ78: NA | HK78: NA | HL78: NA | HM78: NA | HN78: NA | HO78: NA | HP78: NA | HQ78: NA | HR78: NA | HS78: NA | HT78: NA | HU78: NA | HV78: NA | HW78: NA | HX78: NA | HY78: NA | HZ78: NA | IA78: NA | IB78: NA | IC78: NA | ID78: NA | IE78: NA | IF78: NA | IG78: NA | IH78: NA | II78: NA | IJ78: NA | IK78: NA | IL78: NA | IM78: NA | IN78: NA | IO78: NA | IP78: NA | IQ78: NA | IR78: NA | IS78: NA | IT78: NA | IU78: NA | IV78: NA
A79: 1 | B79: Yolo Bypass | C79: Salinity | D79: PSU | E79: NA | F79: NA | G79: NA | H79: NA | I79: NA | J79: NA | K79: NA | L79: NA | M79: NA | N79: NA | O79: NA | P79: NA | Q79: NA | R79: NA | S79: NA | T79: NA | U79: NA | V79: NA | W79: NA | X79: NA | Y79: NA | Z79: NA | AA79: NA | AB79: NA | AC79: NA | AD79: NA | AE79: NA | AF79: NA | AG79: NA | AH79: NA | AI79: NA | AJ79: NA | AK79: NA | AL79: NA | AM79: NA | AN79: NA | AO79: NA | AP79: NA | AQ79: NA | AR79: NA | AS79: NA | AT79: NA | AU79: NA | AV79: NA | AW79: NA | AX79: NA | AY79: NA | AZ79: NA | BA79: NA | BB79: NA | BC79: NA | BD79: NA | BE79: NA | BF79: NA | BG79: NA | BH79: NA | BI79: NA | BJ79: NA | BK79: NA | BL79: NA | BM79: NA | BN79: NA | BO79: NA | BP79: NA | BQ79: NA | BR79: NA | BS79: NA | BT79: NA | BU79: NA | BV79: NA | BW79: NA | BX79: NA | BY79: NA | BZ79: NA | CA79: NA | CB79: NA | CC79: NA | CD79: NA | CE79: NA | CF79: NA | CG79: NA | CH79: NA | CI79: NA | CJ79: NA | CK79: NA | CL79: NA | CM79: NA | CN79: NA | CO79: NA | CP79: NA | CQ79: NA | CR79: NA | CS79: NA | CT79: NA | CU79: NA | CV79: NA | CW79: NA | CX79: NA | CY79: NA | CZ79: NA | DA79: NA | DB79: NA | DC79: NA | DD79: NA | DE79: NA | DF79: NA | DG79: NA | DH79: NA | DI79: NA | DJ79: NA | DK79: NA | DL79: NA | DM79: NA | DN79: NA | DO79: NA | DP79: NA | DQ79: NA | DR79: NA | DS79: NA | DT79: NA | DU79: NA | DV79: NA | DW79: NA | DX79: NA | DY79: NA | DZ79: NA | EA79: NA | EB79: NA | EC79: NA | ED79: NA | EE79: NA | EF79: NA | EG79: NA | EH79: NA | EI79: NA | EJ79: NA | EK79: NA | EL79: NA | EM79: NA | EN79: NA | EO79: NA | EP79: NA | EQ79: NA | ER79: NA | ES79: NA | ET79: NA | EU79: NA | EV79: NA | EW79: NA | EX79: NA | EY79: NA | EZ79: NA | FA79: NA | FB79: NA | FC79: NA | FD79: NA | FE79: NA | FF79: NA | FG79: NA | FH79: NA | FI79: NA | FJ79: NA | FK79: NA | FL79: NA | FM79: NA | FN79: NA | FO79: NA | FP79: NA | FQ79: NA | FR79: NA | FS79: NA | FT79: NA | FU79: NA | FV79: NA | FW79: NA | FX79: NA | FY79: NA | FZ79: NA | GA79: NA | GB79: NA | GC79: NA | GD79: NA | GE79: NA | GF79: NA | GG79: NA | GH79: NA | GI79: NA | GJ79: NA | GK79: NA | GL79: NA | GM79: NA | GN79: NA | GO79: NA | GP79: NA | GQ79: NA | GR79: NA | GS79: NA | GT79: NA | GU79: NA | GV79: NA | GW79: NA | GX79: NA | GY79: NA | GZ79: NA | HA79: NA | HB79: NA | HC79: NA | HD79: NA | HE79: NA | HF79: NA | HG79: NA | HH79: NA | HI79: NA | HJ79: NA | HK79: NA | HL79: NA | HM79: NA | HN79: NA | HO79: NA | HP79: NA | HQ79: NA | HR79: NA | HS79: NA | HT79: NA | HU79: NA | HV79: NA | HW79: NA | HX79: NA | HY79: NA | HZ79: NA | IA79: NA | IB79: NA | IC79: NA | ID79: NA | IE79: NA | IF79: NA | IG79: NA | IH79: NA | II79: NA | IJ79: NA | IK79: NA | IL79: NA | IM79: NA | IN79: NA | IO79: NA | IP79: NA | IQ79: NA | IR79: NA | IS79: NA | IT79: NA | IU79: NA | IV79: NA
... A102: 12 | B102: North Suisun West | C102: DS Distribution | D102: % Population | E102: NA | F102: NA | G102: NA | H102: NA | I102: NA | J102: NA | K102: NA | L102: NA | M102: NA | N102: NA | O102: NA | P102: NA | Q102: NA | R102: NA | S102: NA | T102: NA | U102: NA | V102: NA | W102: NA | X102: NA | Y102: NA | Z102: NA | AA102: NA | AB102: NA | AC102: NA | AD102: NA | AE102: NA | AF102: NA | AG102: NA | AH102: NA | AI102: NA | AJ102: NA | AK102: NA | AL102: NA | AM102: NA | AN102: NA | AO102: NA | AP102: NA | AQ102: NA | AR102: NA | AS102: NA | AT102: NA | AU102: NA | AV102: NA | AW102: NA | AX102: NA | AY102: NA | AZ102: NA | BA102: NA | BB102: NA | BC102: NA | BD102: NA | BE102: NA | BF102: NA | BG102: NA | BH102: NA | BI102: NA | BJ102: NA | BK102: NA | BL102: NA | BM102: NA | BN102: NA | BO102: NA | BP102: NA | BQ102: NA | BR102: NA | BS102: NA | BT102: NA | BU102: NA | BV102: NA | BW102: NA | BX102: NA | BY102: NA | BZ102: NA | CA102: NA | CB102: NA | CC102: NA | CD102: NA | CE102: NA | CF102: NA | CG102: NA | CH102: NA | CI102: NA | CJ102: NA | CK102: NA | CL102: NA | CM102: NA | CN102: NA | CO102: NA | CP102: NA | CQ102: NA | CR102: NA | CS102: NA | CT102: NA | CU102: NA | CV102: NA | CW102: NA | CX102: NA | CY102: NA | CZ102: NA | DA102: NA | DB102: NA | DC102: NA | DD102: NA | DE102: NA | DF102: NA | DG102: NA | DH102: NA | DI102: NA | DJ102: NA | DK102: NA | DL102: NA | DM102: NA | DN102: NA | DO102: NA | DP102: NA | DQ102: NA | DR102: NA | DS102: NA | DT102: NA | DU102: NA | DV102: NA | DW102: NA | DX102: NA | DY102: NA | DZ102: NA | EA102: NA | EB102: NA | EC102: NA | ED102: NA | EE102: NA | EF102: NA | EG102: NA | EH102: NA | EI102: NA | EJ102: NA | EK102: NA | EL102: NA | EM102: NA | EN102: NA | EO102: NA | EP102: NA | EQ102: NA | ER102: NA | ES102: NA | ET102: NA | EU102: NA | EV102: NA | EW102: NA | EX102: NA | EY102: NA | EZ102: NA | FA102: NA | FB102: NA | FC102: NA | FD102: NA | FE102: NA | FF102: NA | FG102: NA | FH102: NA | FI102: NA | FJ102: NA | FK102: NA | FL102: NA | FM102: NA | FN102: NA | FO102: NA | FP102: NA | FQ102: NA | FR102: NA | FS102: NA | FT102: NA | FU102: NA | FV102: NA | FW102: NA | FX102: NA | FY102: NA | FZ102: NA | GA102: NA | GB102: NA | GC102: NA | GD102: NA | GE102: NA | GF102: NA | GG102: NA | GH102: NA | GI102: NA | GJ102: NA | GK102: NA | GL102: NA | GM102: NA | GN102: NA | GO102: NA | GP102: NA | GQ102: NA | GR102: NA | GS102: NA | GT102: NA | GU102: NA | GV102: NA | GW102: NA | GX102: NA | GY102: NA | GZ102: NA | HA102: NA | HB102: NA | HC102: NA | HD102: NA | HE102: NA | HF102: NA | HG102: NA | HH102: NA | HI102: NA | HJ102: NA | HK102: NA | HL102: NA | HM102: NA | HN102: NA | HO102: NA | HP102: NA | HQ102: NA | HR102: NA | HS102: NA | HT102: NA | HU102: NA | HV102: NA | HW102: NA | HX102: NA | HY102: NA | HZ102: NA | IA102: NA | IB102: NA | IC102: NA | ID102: NA | IE102: NA | IF102: NA | IG102: NA | IH102: NA | II102: NA | IJ102: NA | IK102: NA | IL102: NA | IM102: NA | IN102: NA | IO102: NA | IP102: NA | IQ102: NA | IR102: NA | IS102: NA | IT102: NA | IU102: NA | IV102: NA
A103: 1 | B103: Yolo Bypass | C103: Prey density | D103: Scalar | E103: =(1+'AWC effects_food'!$F$18) -> 1.0507684 | F103: =(1+'AWC effects_food'!$F$18) -> 1.0507684 | G103: =(1+'AWC effects_food'!$F$18) -> 1.0507684 | H103: =(1+'AWC effects_food'!$F$18) -> 1.0507684 | I103: =(1+'AWC effects_food'!$F$18) -> 1.0507684 | J103: =(1+'AWC effects_food'!$F$18) -> 1.0507684 | K103: =(1+'AWC effects_food'!$F$18) -> 1.0507684 | L103: =(1+'AWC effects_food'!$F$18) -> 1.0507684 | ... IJ103: =(1+'AWC effects_food'!$F$18) -> 1.0507684 | IK103: NA | IL103: NA | IM103: NA | IN103: NA | IO103: NA | IP103: NA | IQ103: NA | IR103: NA | IS103: NA | IT103: NA | IU103: NA | IV103: NA
A104: 2 | B104: Upper Sacramento | C104: Prey density | D104: Scalar | E104: NA | F104: NA | G104: NA | H104: NA | I104: NA | J104: NA | K104: NA | L104: NA | M104: NA | N104: NA | O104: NA | P104: NA | Q104: NA | R104: NA | S104: NA | T104: NA | U104: NA | V104: NA | W104: NA | X104: NA | Y104: NA | Z104: NA | AA104: NA | AB104: NA | AC104: NA | AD104: NA | AE104: NA | AF104: NA | AG104: NA | AH104: NA | AI104: NA | AJ104: NA | AK104: NA | AL104: NA | AM104: NA | AN104: NA | AO104: NA | AP104: NA | AQ104: NA | AR104: NA | AS104: NA | AT104: NA | AU104: NA | AV104: NA | AW104: NA | AX104: NA | AY104: NA | AZ104: NA | BA104: NA | BB104: NA | BC104: NA | BD104: NA | BE104: NA | BF104: NA | BG104: NA | BH104: NA | BI104: NA | BJ104: NA | BK104: NA | BL104: NA | BM104: NA | BN104: NA | BO104: NA | BP104: NA | BQ104: NA | BR104: NA | BS104: NA | BT104: NA | BU104: NA | BV104: NA | BW104: NA | BX104: NA | BY104: NA | BZ104: NA | CA104: NA | CB104: NA | CC104: NA | CD104: NA | CE104: NA | CF104: NA | CG104: NA | CH104: NA | CI104: NA | CJ104: NA | CK104: NA | CL104: NA | CM104: NA | CN104: NA | CO104: NA | CP104: NA | CQ104: NA | CR104: NA | CS104: NA | CT104: NA | CU104: NA | CV104: NA | CW104: NA | CX104: NA | CY104: NA | CZ104: NA | DA104: NA | DB104: NA | DC104: NA | DD104: NA | DE104: NA | DF104: NA | DG104: NA | DH104: NA | DI104: NA | DJ104: NA | DK104: NA | DL104: NA | DM104: NA | DN104: NA | DO104: NA | DP104: NA | DQ104: NA | DR104: NA | DS104: NA | DT104: NA | DU104: NA | DV104: NA | DW104: NA | DX104: NA | DY104: NA | DZ104: NA | EA104: NA | EB104: NA | EC104: NA | ED104: NA | EE104: NA | EF104: NA | EG104: NA | EH104: NA | EI104: NA | EJ104: NA | EK104: NA | EL104: NA | EM104: NA | EN104: NA | EO104: NA | EP104: NA | EQ104: NA | ER104: NA | ES104: NA | ET104: NA | EU104: NA | EV104: NA | EW104: NA | EX104: NA | EY104: NA | EZ104: NA | FA104: NA | FB104: NA | FC104: NA | FD104: NA | FE104: NA | FF104: NA | FG104: NA | FH104: NA | FI104: NA | FJ104: NA | FK104: NA | FL104: NA | FM104: NA | FN104: NA | FO104: NA | FP104: NA | FQ104: NA | FR104: NA | FS104: NA | FT104: NA | FU104: NA | FV104: NA | FW104: NA | FX104: NA | FY104: NA | FZ104: NA | GA104: NA | GB104: NA | GC104: NA | GD104: NA | GE104: NA | GF104: NA | GG104: NA | GH104: NA | GI104: NA | GJ104: NA | GK104: NA | GL104: NA | GM104: NA | GN104: NA | GO104: NA | GP104: NA | GQ104: NA | GR104: NA | GS104: NA | GT104: NA | GU104: NA | GV104: NA | GW104: NA | GX104: NA | GY104: NA | GZ104: NA | HA104: NA | HB104: NA | HC104: NA | HD104: NA | HE104: NA | HF104: NA | HG104: NA | HH104: NA | HI104: NA | HJ104: NA | HK104: NA | HL104: NA | HM104: NA | HN104: NA | HO104: NA | HP104: NA | HQ104: NA | HR104: NA | HS104: NA | HT104: NA | HU104: NA | HV104: NA | HW104: NA | HX104: NA | HY104: NA | HZ104: NA | IA104: NA | IB104: NA | IC104: NA | ID104: NA | IE104: NA | IF104: NA | IG104: NA | IH104: NA | II104: NA | IJ104: NA | IK104: NA | IL104: NA | IM104: NA | IN104: NA | IO104: NA | IP104: NA | IQ104: NA | IR104: NA | IS104: NA | IT104: NA | IU104: NA | IV104: NA
A105: 3 | B105: South Delta | C105: Prey density | D105: Scalar | E105: NA | F105: NA | G105: NA | H105: NA | I105: NA | J105: NA | K105: NA | L105: NA | M105: NA | N105: NA | O105: NA | P105: NA | Q105: NA | R105: NA | S105: NA | T105: NA | U105: NA | V105: NA | W105: NA | X105: NA | Y105: NA | Z105: NA | AA105: NA | AB105: NA | AC105: NA | AD105: NA | AE105: NA | AF105: NA | AG105: NA | AH105: NA | AI105: NA | AJ105: NA | AK105: NA | AL105: NA | AM105: NA | AN105: NA | AO105: NA | AP105: NA | AQ105: NA | AR105: NA | AS105: NA | AT105: NA | AU105: NA | AV105: NA | AW105: NA | AX105: NA | AY105: NA | AZ105: NA | BA105: NA | BB105: NA | BC105: NA | BD105: NA | BE105: NA | BF105: NA | BG105: NA | BH105: NA | BI105: NA | BJ105: NA | BK105: NA | BL105: NA | BM105: NA | BN105: NA | BO105: NA | BP105: NA | BQ105: NA | BR105: NA | BS105: NA | BT105: NA | BU105: NA | BV105: NA | BW105: NA | BX105: NA | BY105: NA | BZ105: NA | CA105: NA | CB105: NA | CC105: NA | CD105: NA | CE105: NA | CF105: NA | CG105: NA | CH105: NA | CI105: NA | CJ105: NA | CK105: NA | CL105: NA | CM105: NA | CN105: NA | CO105: NA | CP105: NA | CQ105: NA | CR105: NA | CS105: NA | CT105: NA | CU105: NA | CV105: NA | CW105: NA | CX105: NA | CY105: NA | CZ105: NA | DA105: NA | DB105: NA | DC105: NA | DD105: NA | DE105: NA | DF105: NA | DG105: NA | DH105: NA | DI105: NA | DJ105: NA | DK105: NA | DL105: NA | DM105: NA | DN105: NA | DO105: NA | DP105: NA | DQ105: NA | DR105: NA | DS105: NA | DT105: NA | DU105: NA | DV105: NA | DW105: NA | DX105: NA | DY105: NA | DZ105: NA | EA105: NA | EB105: NA | EC105: NA | ED105: NA | EE105: NA | EF105: NA | EG105: NA | EH105: NA | EI105: NA | EJ105: NA | EK105: NA | EL105: NA | EM105: NA | EN105: NA | EO105: NA | EP105: NA | EQ105: NA | ER105: NA | ES105: NA | ET105: NA | EU105: NA | EV105: NA | EW105: NA | EX105: NA | EY105: NA | EZ105: NA | FA105: NA | FB105: NA | FC105: NA | FD105: NA | FE105: NA | FF105: NA | FG105: NA | FH105: NA | FI105: NA | FJ105: NA | FK105: NA | FL105: NA | FM105: NA | FN105: NA | FO105: NA | FP105: NA | FQ105: NA | FR105: NA | FS105: NA | FT105: NA | FU105: NA | FV105: NA | FW105: NA | FX105: NA | FY105: NA | FZ105: NA | GA105: NA | GB105: NA | GC105: NA | GD105: NA | GE105: NA | GF105: NA | GG105: NA | GH105: NA | GI105: NA | GJ105: NA | GK105: NA | GL105: NA | GM105: NA | GN105: NA | GO105: NA | GP105: NA | GQ105: NA | GR105: NA | GS105: NA | GT105: NA | GU105: NA | GV105: NA | GW105: NA | GX105: NA | GY105: NA | GZ105: NA | HA105: NA | HB105: NA | HC105: NA | HD105: NA | HE105: NA | HF105: NA | HG105: NA | HH105: NA | HI105: NA | HJ105: NA | HK105: NA | HL105: NA | HM105: NA | HN105: NA | HO105: NA | HP105: NA | HQ105: NA | HR105: NA | HS105: NA | HT105: NA | HU105: NA | HV105: NA | HW105: NA | HX105: NA | HY105: NA | HZ105: NA | IA105: NA | IB105: NA | IC105: NA | ID105: NA | IE105: NA | IF105: NA | IG105: NA | IH105: NA | II105: NA | IJ105: NA | IK105: NA | IL105: NA | IM105: NA | IN105: NA | IO105: NA | IP105: NA | IQ105: NA | IR105: NA | IS105: NA | IT105: NA | IU105: NA | IV105: NA
A106: 4 | B106: East Delta | C106: Prey density | D106: Scalar | E106: NA | F106: NA | G106: NA | H106: NA | I106: NA | J106: NA | K106: NA | L106: NA | M106: NA | N106: NA | O106: NA | P106: NA | Q106: NA | R106: NA | S106: NA | T106: NA | U106: NA | V106: NA | W106: NA | X106: NA | Y106: NA | Z106: NA | AA106: NA | AB106: NA | AC106: NA | AD106: NA | AE106: NA | AF106: NA | AG106: NA | AH106: NA | AI106: NA | AJ106: NA | AK106: NA | AL106: NA | AM106: NA | AN106: NA | AO106: NA | AP106: NA | AQ106: NA | AR106: NA | AS106: NA | AT106: NA | AU106: NA | AV106: NA | AW106: NA | AX106: NA | AY106: NA | AZ106: NA | BA106: NA | BB106: NA | BC106: NA | BD106: NA | BE106: NA | BF106: NA | BG106: NA | BH106: NA | BI106: NA | BJ106: NA | BK106: NA | BL106: NA | BM106: NA | BN106: NA | BO106: NA | BP106: NA | BQ106: NA | BR106: NA | BS106: NA | BT106: NA | BU106: NA | BV106: NA | BW106: NA | BX106: NA | BY106: NA | BZ106: NA | CA106: NA | CB106: NA | CC106: NA | CD106: NA | CE106: NA | CF106: NA | CG106: NA | CH106: NA | CI106: NA | CJ106: NA | CK106: NA | CL106: NA | CM106: NA | CN106: NA | CO106: NA | CP106: NA | CQ106: NA | CR106: NA | CS106: NA | CT106: NA | CU106: NA | CV106: NA | CW106: NA | CX106: NA | CY106: NA | CZ106: NA | DA106: NA | DB106: NA | DC106: NA | DD106: NA | DE106: NA | DF106: NA | DG106: NA | DH106: NA | DI106: NA | DJ106: NA | DK106: NA | DL106: NA | DM106: NA | DN106: NA | DO106: NA | DP106: NA | DQ106: NA | DR106: NA | DS106: NA | DT106: NA | DU106: NA | DV106: NA | DW106: NA | DX106: NA | DY106: NA | DZ106: NA | EA106: NA | EB106: NA | EC106: NA | ED106: NA | EE106: NA | EF106: NA | EG106: NA | EH106: NA | EI106: NA | EJ106: NA | EK106: NA | EL106: NA | EM106: NA | EN106: NA | EO106: NA | EP106: NA | EQ106: NA | ER106: NA | ES106: NA | ET106: NA | EU106: NA | EV106: NA | EW106: NA | EX106: NA | EY106: NA | EZ106: NA | FA106: NA | FB106: NA | FC106: NA | FD106: NA | FE106: NA | FF106: NA | FG106: NA | FH106: NA | FI106: NA | FJ106: NA | FK106: NA | FL106: NA | FM106: NA | FN106: NA | FO106: NA | FP106: NA | FQ106: NA | FR106: NA | FS106: NA | FT106: NA | FU106: NA | FV106: NA | FW106: NA | FX106: NA | FY106: NA | FZ106: NA | GA106: NA | GB106: NA | GC106: NA | GD106: NA | GE106: NA | GF106: NA | GG106: NA | GH106: NA | GI106: NA | GJ106: NA | GK106: NA | GL106: NA | GM106: NA | GN106: NA | GO106: NA | GP106: NA | GQ106: NA | GR106: NA | GS106: NA | GT106: NA | GU106: NA | GV106: NA | GW106: NA | GX106: NA | GY106: NA | GZ106: NA | HA106: NA | HB106: NA | HC106: NA | HD106: NA | HE106: NA | HF106: NA | HG106: NA | HH106: NA | HI106: NA | HJ106: NA | HK106: NA | HL106: NA | HM106: NA | HN106: NA | HO106: NA | HP106: NA | HQ106: NA | HR106: NA | HS106: NA | HT106: NA | HU106: NA | HV106: NA | HW106: NA | HX106: NA | HY106: NA | HZ106: NA | IA106: NA | IB106: NA | IC106: NA | ID106: NA | IE106: NA | IF106: NA | IG106: NA | IH106: NA | II106: NA | IJ106: NA | IK106: NA | IL106: NA | IM106: NA | IN106: NA | IO106: NA | IP106: NA | IQ106: NA | IR106: NA | IS106: NA | IT106: NA | IU106: NA | IV106: NA
